Time (sec),RPM,Air Temp (F),Coolant Temp (F),TPS (%),MAP (psi),Battery Volt (V),Fuel Angle (deg),Accel Compensation - Fuel (%),Air Temp Compensation - Fuel (%),Map Compensation - Fuel (%),Digital Input Compensation - Fuel (%),Digital Input #1,Digital Input #2,Digital Input #3,Digital Input #4,Digital Input #5,Digital Input #6,Digital Input #7,Digital Input #8,Oil Prsr,Shock FR,Shock RL,Steering,    an#8,WhSpd FR,WhSpd FL,WhSpd RR,WhSpd RL,Measured Lambda #1,Measured #1-Target (Lambda),Analog #1 (volts),Analog #2 (volts),Analog #3 (volts),Analog #4 (volts),Analog #5 (volts),Analog #6 (volts),Analog #7 (volts),Analog #8 (volts)
0,5038,75.4,179.8,32.2,13.32,11.3,530,100,100,100,100,0,0,0,0,0,0,0,0,52.63,0.02,4.57,1.6,2.09,0,0,0,0,0,-1,0.01,2.61,0.02,0.01,0.01,4.68,1.64,2.14
0.1,5540,75.4,179.8,30,13.09,11.3,530,100,100,100,100,0,0,0,0,0,0,0,0,59.59,0.01,4.42,1.6,2.01,0,0,0,0,0,-1,0.01,2.88,0.02,0.01,0.01,4.53,1.63,2.06
0.2,6159,75.4,179.8,31.6,12.74,11.3,530,100,100,100,100,0,0,0,0,0,0,0,0,68.34,0.01,4.34,1.59,1.86,0,0,0,0,0,-1,0.01,3.23,0.02,0.01,0.01,4.45,1.63,1.91
0.3,6538,75.4,179.8,30.8,12.44,11.3,530,100,100,100,100,0,0,0,0,0,0,0,0,70.05,0.01,3.97,1.59,1.88,0,0,0,0,0,-1,0.01,3.3,0.02,0.01,0.01,4.07,1.63,1.93
0.4,6936,75.4,179.8,33,12.13,11.3,530,100,100,100,100,0,0,0,0,0,0,0,0,71.3,0.01,4.27,1.58,2.06,0,0,0,0,0,-1,0.01,3.35,0.01,0.01,0.01,4.37,1.62,2.11
0.5,7286,75.4,179.8,32.8,11.74,11.3,530,100,100,100,100,0,0,0,0,0,0,0,0,72.82,0.01,4.21,1.58,2,0,0,0,0,0,-1,0.01,3.41,0.01,0.01,0.01,4.31,1.62,2.05
0.6,7731,75.4,179.8,32.3,11.33,11.2,530,100,100,100,100,0,0,0,0,0,0,0,0,73.07,0.01,4.3,1.58,1.97,0,0,0,0,0,-1,0.01,3.42,0.01,0.01,0.01,4.4,1.62,2.01
0.7,5914,75.4,179.8,0,11.87,11.3,530,100,100,100,100,0,0,1,0,0,0,0,0,64.02,0.01,4.56,1.54,2.13,0,0,0,0,0,-1,0.01,3.06,0.01,0.01,0.01,4.67,1.58,2.18
0.8,3641,75.4,179.8,18,12.82,11.3,530,100,100,100,100,0,0,0,0,0,0,0,0,31.72,0.01,4.78,1.29,2.14,0,0,4.1,0,0,-1,0.01,1.77,0.01,0.01,0.01,4.9,1.32,2.19
0.9,2841,75.4,179.8,17.4,13.62,11.3,530,100,100,100,100,0,0,0,0,0,0,0,0,22.59,0.01,4.79,1.03,2.13,0,0,8.2,0,0,-1,0.01,1.4,0.01,0.01,0.01,4.9,1.05,2.18
1,2007,75.4,179.8,20.3,14.11,11.3,530,100,100,100,100,0,0,0,0,0,0,0,0,13.67,0.01,4.8,0.93,2.14,0,0,6.1,0,0,-1,0.01,1.05,0.01,0.01,0.01,4.91,0.95,2.19
1.1,2073,75.4,179.8,30.6,14.19,11.3,530,100,100,100,100,0,0,1,0,0,0,0,0,15.32,0.01,4.81,0.83,2.14,0,0,5.1,0,0,-1,0.01,1.11,0.01,0.01,0.01,4.93,0.86,2.19
1.2,2469,75.4,179.8,37.1,14.21,11.3,530,100,100,100,100,0,0,0,0,0,0,0,0,17.59,0.01,4.81,0.77,2.14,0,0,5.7,0,0,-1,0.01,1.2,0.01,0.01,0.01,4.93,0.79,2.19
1.3,2592,75.4,179.8,38,14.14,11.3,530,100,100,100,100,0,0,0,0,0,0,0,0,19.42,0.01,4.78,0.73,2.14,0,0,6.4,0,0,-1,0.01,1.28,0.01,0.01,0.01,4.89,0.75,2.19
1.4,2951,75.4,179.8,39,14.14,11.3,530,100,100,100,100,0,0,0,0,0,0,0,0,23.8,0.01,4.78,0.74,2.13,0,0,7.1,0,0,-1,0.01,1.45,0.01,0.01,0.01,4.9,0.76,2.18
1.5,3119,75.4,179.8,34.6,14.11,11.3,530,100,100,100,100,0,0,0,0,0,0,0,0,25.77,2.19,4.78,0.72,2.11,0,0,7.4,0,0,-1,0.01,1.53,2.78,0.01,0.01,4.9,0.74,2.16
1.6,3400,75.4,179.8,36.4,13.99,11.3,530,100,100,100,100,0,0,1,0,0,0,0,0,29.32,1.97,4.78,0.71,2.14,0,0,8.9,0,0,-1,0.01,1.67,2.5,0.01,0.01,4.9,0.73,2.19
1.7,3824,75.4,179.8,37.2,13.86,11.3,530,100,100,100,100,0,0,1,0,0,0,0,0,35.47,2.48,4.81,0.71,2.14,0,0,10.9,0,0,-1,0.01,1.92,3.15,0.01,0.01,4.93,0.73,2.19
1.8,4011,75.4,179.8,37.2,13.8,11.3,530,100,100,100,100,0,0,1,0,0,0,0,0,37.95,2.36,4.8,0.72,2.13,0,0,10.9,0,0,-1,0.01,2.02,2.99,0.01,0.01,4.92,0.74,2.19
1.9,4177,75.4,179.8,39.9,13.96,11.3,530,100,100,100,100,0,0,1,0,0,0,0,0,41.32,3,4.8,0.72,2.14,0,0,11.6,0,0,-1,0.01,2.15,3.81,0.01,0.01,4.92,0.73,2.19
2,4252,75.4,179.8,42.4,13.96,11.3,530,100,100,100,100,0,0,0,0,0,0,0,0,40.65,3.01,4.79,0.75,2.14,0,0,10.9,0,0,-1,0.01,2.13,3.83,0.01,0.01,4.91,0.77,2.19
2.1,4234,75.4,179.8,33.3,13.96,11.3,530,100,100,100,100,0,0,0,0,0,0,0,0,41.13,3.08,4.78,0.79,2.12,0,0,10.6,0,0,-1,0.01,2.15,3.9,0.01,0.01,4.89,0.81,2.17
2.2,4486,75.4,179.8,40.6,14.32,11.4,530,100,100,100,100,0,0,0,0,0,0,0,0,44.88,3.11,4.8,0.79,2.14,0,0,11.1,0,0,-1,0.01,2.3,3.94,0.01,0.01,4.92,0.81,2.19
2.3,4608,75.4,179.8,95.8,14.33,11.4,530,100,100,100,100,0,0,0,0,0,0,0,0,46.42,2.93,4.8,0.9,2.09,0,0,11,0,0,-1,0.01,2.36,3.72,0.01,0.01,4.92,0.93,2.14
2.4,4753,75.4,179.8,96,14.27,11.3,530,100,100,100,100,0,0,0,0,0,0,0,0,47.72,2.94,4.7,1.11,2.12,0,0,11.7,0,0,-1,0.01,2.41,3.73,0.01,0.01,4.82,1.14,2.17
2.5,5028,75.4,179.8,96.6,14.29,11.3,530,100,100,100,100,0,0,1,0,0,0,0,0,51.55,2.64,4.56,1.17,2.01,0,0,12.6,0,0,-1,0.01,2.56,3.35,0.01,0.01,4.67,1.2,2.06
2.6,5057,75.4,179.8,96.7,14.27,11.3,530,100,100,100,100,0,0,1,0,0,0,0,0,51.32,2.38,4.58,1.33,2.1,0,0,13.2,0,0,-1,0.01,2.55,3.02,0.01,0.01,4.69,1.36,2.15
2.7,5393,75.4,179.8,97.2,14.26,11.3,530,100,100,100,100,0,0,0,0,0,0,0,0,57.82,2.15,4.54,1.38,1.91,0,0,13.6,0,0,-1,0.01,2.81,2.73,0.01,0.01,4.65,1.41,1.96
2.801,5843,75.4,179.8,97.6,14.19,11.3,530,100,100,100,100,0,0,1,0,0,0,0,0,62.63,1.94,4.46,1.44,2.06,0,0,15.4,0,0,-1,0.01,3.01,2.47,0.01,0.01,4.56,1.47,2.11
2.902,6051,75.4,179.8,97.6,14.16,11.3,530,100,100,100,100,0,0,0,0,0,0,0,0,64.82,1.76,4.5,1.49,2.1,0,0,16.7,0,0,-1,0.01,3.09,2.23,0.01,0.01,4.61,1.53,2.15
3,6328,75.4,179.8,97.7,14.1,11.3,530,100,100,100,100,0,0,0,0,0,0,0,0,68.32,1.59,4.41,1.51,1.92,0,0,17.2,0,0,-1,0.01,3.23,2.02,0.01,0.01,4.51,1.55,1.97
3.1,6720,75.4,179.8,97.8,14.01,11.3,530,100,100,100,100,0,0,0,0,0,0,0,0,70.72,1.45,4.46,1.51,2.08,0,0,18.5,0,0,-1,0.01,3.33,1.84,0.01,0.01,4.57,1.55,2.13
3.2,7224,75.4,179.8,96.8,13.87,11.3,530,100,100,100,100,0,0,0,0,0,0,0,0,72.82,1.31,4.51,1.51,2.09,0,0,19.1,0,0,-1,0.01,3.41,1.67,0.01,0.01,4.62,1.54,2.15
3.3,7912,75.4,179.8,96,13.75,11.3,530,100,100,100,100,0,0,0,0,0,0,0,0,74.05,2.9,4.34,1.51,1.96,0,0,21.3,0,0,-1,0.01,3.46,3.68,0.01,0.01,4.44,1.55,2.01
3.4,8438,75.4,179.8,97.5,13.64,11.3,530,100,100,100,100,0,0,0,0,0,0,0,0,74.77,2.92,4.63,1.53,2.09,0,0,23.3,0,0,-1,0.01,3.49,3.71,0.01,0.01,4.74,1.57,2.14
3.502,9047,75.4,179.8,97.9,13.42,11.2,530,100,100,100,100,0,0,0,0,0,0,0,0,75.34,2.62,4.49,1.57,2.08,0,0,24.7,0,0,-1,0.01,3.51,3.33,0.01,0.01,4.6,1.61,2.13
3.6,9449,75.4,179.8,98.1,13.38,11.2,530,100,100,100,100,0,0,0,0,0,0,0,0,75.38,2.36,4.15,1.64,1.77,0,0,25.6,0,0,-1,0.01,3.52,3,0.01,0.01,4.25,1.68,1.82
3.7,10217,75.4,179.8,98.4,13.34,11.2,530,100,100,100,100,0,0,0,0,0,0,0,0,76.02,2.13,3.89,1.69,1.81,0,0,24.4,0,0,-1,0.01,3.54,2.71,0.01,0.01,3.98,1.73,1.85
3.8,11002,75.4,179.8,10.9,13.16,11.1,530,100,100,100,100,0,0,0,0,0,0,0,0,76.84,1.93,3.52,1.67,1.61,0,0,24.1,0,0,-1,0.01,3.57,2.45,0.01,0.01,3.61,1.71,1.65
3.9,11473,75.4,179.8,0,10.05,11.3,530,100,100,100,100,0,0,0,0,0,0,0,0,75.92,1.75,3.85,1.64,1.85,0,0,24.9,0,0,-1,0.01,3.54,2.22,0.01,0.01,3.94,1.68,1.89
4,10835,75.4,179.8,0,7.77,11.2,530,100,100,100,100,0,0,0,0,0,0,0,0,75.95,1.58,3.58,1.66,1.72,0,0,24.1,0,0,-1,0.01,3.54,2.01,0.01,0.01,3.67,1.7,1.76
4.101,10869,75.4,179.8,51.8,11.41,11.1,530,100,100,100,100,0,0,1,0,0,0,0,0,74.09,1.43,3.42,1.66,1.5,0,0,24.3,0,0,-1,0.01,3.46,1.82,0.01,0.01,3.5,1.7,1.53
4.2,9312,75.4,179.8,77.3,13.28,11.1,530,100,100,100,100,0,0,0,0,0,0,0,0,75,1.3,3.98,1.63,1.8,0,0,33,0,0,-1,0.01,3.5,1.65,0.01,0.01,4.07,1.67,1.85
4.301,8658,75.4,179.8,72.9,13.57,11.1,530,100,100,100,100,0,0,0,0,0,0,0,0,73.55,1.18,4.51,1.6,2.04,0,0,27.8,0,0,-1,0.01,3.44,1.5,0.01,0.01,4.62,1.64,2.09
4.4,8568,75.4,179.8,100,13.55,11.2,530,100,100,100,100,0,0,0,0,0,0,0,0,72.92,1.07,4.25,1.58,2,0,0,32.8,0,0,-1,0.01,3.42,1.36,0.01,0.01,4.35,1.62,2.05
4.501,8092,75.4,179.8,99.9,13.65,11.2,530,100,100,100,100,0,0,0,0,0,0,0,0,72.38,0.98,4.23,1.63,1.88,0,0,30.8,0,0,-1,0.01,3.4,1.24,0.01,0.01,4.33,1.67,1.93
4.601,8729,75.4,179.8,100,13.52,11.2,530,100,100,100,100,0,0,1,0,0,0,0,0,72.07,0.89,4.17,1.66,2.06,0,0,31.6,0,0,-1,0.01,3.38,1.13,0.01,0.01,4.27,1.7,2.11
4.7,8530,75.4,179.8,100,13.6,11.2,530,100,100,100,100,0,0,1,0,0,0,0,0,73.4,0.81,4.18,1.67,1.96,0,0,32.1,0,0,-1,0.01,3.44,1.03,0.01,0.01,4.28,1.71,2.01
4.8,9316,75.4,176.5,100,13.5,11.2,530,100,100,100,100,0,0,0,0,0,0,0,0,74.32,0.74,4.49,1.6,2,0,0,34.6,0,0,-1,0.01,3.47,0.94,0.01,0.01,4.6,1.64,2.05
4.9,8974,75.4,179.6,100,13.44,11.2,530,100,100,100,100,0,0,1,0,0,0,0,0,74.65,0.67,4.5,1.65,2.06,0,0,34.1,0,0,-1,0.01,3.49,0.85,0.01,0.01,4.61,1.69,2.11
5.001,9558,75.4,179.6,100,13.37,11.2,530,100,100,100,100,0,0,1,0,0,0,0,0,73.38,0.61,4,1.65,1.85,0,0,35.6,0,0,-1,0.01,3.44,0.78,0.01,0.01,4.1,1.69,1.89
5.101,9803,75.4,176.5,100,13.34,11.2,530,100,100,100,100,0,0,1,0,0,0,0,0,74,0.56,4.1,1.66,1.85,0,0,35,0,0,-1,0.01,3.46,0.71,0.01,0.01,4.2,1.7,1.9
5.2,10903,75.4,179.8,0,13.21,11.1,530,100,100,100,100,0,0,0,0,0,0,0,0,74.17,0.51,3.65,1.65,1.71,0,0,34.6,0,0,-1,0.01,3.47,0.64,0.01,0.01,3.74,1.69,1.76
5.3,11409,75.4,176.3,2,9.72,11.3,530,100,100,100,100,0,0,0,0,0,0,0,0,77.4,0.46,3.77,1.66,1.62,0,0,35.6,0,0,-1,0.01,3.6,0.59,0.01,0.01,3.86,1.7,1.66
5.401,11045,75.4,179.6,0,10.2,11.3,530,100,100,100,100,0,0,0,0,0,0,0,0,76.45,0.42,3.54,1.63,1.64,0,0,34.6,0,0,-1,0.01,3.56,0.54,0.01,0.01,3.62,1.67,1.68
5.5,9326,75.4,179.8,98.4,13.24,11.1,530,100,100,100,100,0,0,0,0,0,0,0,0,75.59,0.38,4.16,1.63,1.96,0,0,43.1,0,0,-1,0.01,3.52,0.49,0.01,0.01,4.26,1.67,2.01
5.6,8119,75.4,176.3,97.8,13.79,11.2,530,100,100,100,100,0,0,0,0,0,0,0,0,73.5,0.35,4.07,1.67,1.81,0,0,37.6,0,0,-1,0.01,3.44,0.45,0.01,0.01,4.16,1.71,1.86
5.7,8571,75.4,176.3,98.3,13.62,11.2,530,100,100,100,100,0,0,1,0,0,0,0,0,72.8,0.32,4.21,1.67,1.82,0,0,38.3,0,0,-1,0.01,3.41,0.41,0.01,0.01,4.31,1.71,1.87
5.8,8620,75.4,176.3,98.4,13.55,11.2,530,100,100,100,100,0,0,1,0,0,0,0,0,72.97,0.29,4.3,1.67,1.89,0,0,39,0,0,-1,0.01,3.42,0.37,0.01,0.01,4.4,1.71,1.94
5.9,8833,75.4,176.5,98.2,13.52,11.2,530,100,100,100,100,0,0,1,0,0,0,0,0,72.55,0.26,4.26,1.67,2.02,0,0,40.1,0,0,-1,0.01,3.4,0.34,0.01,0.01,4.37,1.71,2.07
6,9039,75.4,179.6,98.4,13.51,11.1,530,100,100,100,100,0,0,0,0,0,0,0,0,73.3,0.24,4.37,1.66,2.01,0,0,40.8,0,0,-1,0.01,3.43,0.31,0.01,0.01,4.47,1.7,2.06
6.1,9193,75.4,176.3,98.5,13.5,11.1,530,100,100,100,100,0,0,1,0,0,0,0,0,73.47,0.22,4.57,1.64,2.04,0,0,42,0,0,-1,0.01,3.44,0.28,0.01,0.01,4.68,1.68,2.09
6.201,9375,75.4,176.3,98.7,13.45,11.1,530,100,100,100,100,0,0,0,0,0,0,0,0,74.3,0.2,4.4,1.66,2.03,0,0,42.1,0,0,-1,0.01,3.47,0.26,0.01,0.01,4.5,1.7,2.08
6.3,9519,75.4,176.3,99.1,13.42,11.1,530,100,100,100,100,0,0,0,0,0,0,0,0,74.3,0.18,4.28,1.61,2,0,0,42.9,0,0,-1,0.01,3.47,0.24,0.01,0.01,4.39,1.65,2.05
6.4,9638,75.4,176.5,99.2,13.38,11.1,530,100,100,100,100,0,0,0,0,0,0,0,0,75.17,0.17,4.35,1.61,2.01,0,0,43.3,0,0,-1,0.01,3.51,0.22,0.01,0.01,4.45,1.65,2.06
6.5,9712,75.4,176.3,99.2,13.51,11.1,530,100,100,100,100,0,0,1,0,0,0,0,0,73.27,0.15,3.97,1.64,1.94,0,0,44.1,0,0,-1,0.01,3.43,0.2,0.01,0.01,4.06,1.68,1.98
6.6,9842,75.4,176.3,99.2,13.43,11.1,530,100,100,100,100,0,0,0,0,0,0,0,0,74.8,0.14,4.18,1.64,1.85,0,0,44.6,0,0,-1,0.01,3.49,0.18,0.01,0.01,4.28,1.68,1.9
6.7,9946,75.4,176.3,99.1,13.36,11.1,530,100,100,100,100,0,0,1,0,0,0,0,0,74.07,0.13,4.14,1.63,1.81,0,0,45.1,0,0,-1,0.01,3.46,0.16,0.01,0.01,4.24,1.67,1.86
6.8,10033,75.4,176.3,99.2,13.33,11.1,530,100,100,100,100,0,0,0,0,0,0,0,0,74.13,0.12,4.09,1.63,1.83,0,0,45.1,0,0,-1,0.01,3.47,0.15,0.01,0.01,4.19,1.67,1.88
6.9,10139,75.4,176.3,99.2,13.39,11.1,530,100,100,100,100,0,0,0,0,0,0,0,0,74.95,0.11,4.05,1.65,1.81,0,0,45.9,0,0,-1,0.01,3.5,0.14,0.01,0.01,4.15,1.69,1.85
7,10146,75.4,176.3,99,13.38,11.1,530,100,100,100,100,0,0,1,0,0,0,0,0,75.17,0.1,3.94,1.64,1.86,0,0,46,0,0,-1,0.01,3.51,0.13,0.01,0.01,4.03,1.68,1.91
7.1,10375,75.4,176.3,0,13.38,11.1,530,100,100,100,100,0,0,1,0,0,0,0,0,75,0.09,3.98,1.61,1.8,0,0,45.1,0,0,-1,0.01,3.5,0.11,0.01,0.01,4.08,1.64,1.84
7.2,11238,75.4,176.3,4.8,9.7,11.1,530,100,100,100,100,0,0,0,0,0,0,0,0,75.77,0.08,3.76,1.63,1.64,0,0,45.4,0,0,-1,0.01,3.53,0.1,0.01,0.01,3.86,1.67,1.68
7.3,10555,75.4,176.3,0,9.48,11.3,530,100,100,100,100,0,0,0,0,0,0,0,0,75.02,0.08,3.82,1.64,1.73,0,0,45.3,0,0,-1,0.01,3.5,0.1,0.01,0.01,3.91,1.68,1.77
7.4,9582,75.4,176.3,98.2,13.33,11.1,530,100,100,100,100,0,0,0,0,0,0,0,0,73.84,0.07,4.26,1.61,1.94,0,0,50.7,0,0,-1,0.01,3.45,0.09,0.01,0.01,4.37,1.65,1.99
7.5,8912,75.4,176.3,98.6,13.43,11.1,530,100,100,100,100,0,0,0,0,0,0,0,0,74.59,0.06,4.45,1.62,2,0,0,47,0,0,-1,0.01,3.48,0.08,0.01,0.01,4.56,1.66,2.05
7.6,9230,75.4,176.3,98.4,13.47,11.2,530,100,100,100,100,0,0,1,0,0,0,0,0,74.95,0.06,4.49,1.63,2.02,0,0,47.8,0,0,-1,0.01,3.5,0.07,0.01,0.01,4.6,1.67,2.07
7.701,9245,77.2,176.3,98.1,13.4,11.1,530,100,100,100,100,0,0,0,0,0,0,0,0,72.8,0.05,4.46,1.67,1.99,0,0,48.1,0,0,-1,0.01,3.41,0.07,0.01,0.01,4.57,1.71,2.04
7.8,9320,77.2,176.3,98.1,13.54,11.1,530,100,100,100,100,0,0,0,0,0,0,0,0,72.77,0.05,4.36,1.62,1.98,0,0,48.6,0,0,-1,0.01,3.41,0.06,0.01,0.01,4.46,1.66,2.03
7.9,9445,77.2,176.3,98.6,13.47,11.2,530,100,100,100,100,0,0,0,0,0,0,0,0,72.92,0.04,4.59,1.6,2.03,0,0,48.9,0,0,-1,0.01,3.42,0.06,0.01,0.01,4.71,1.64,2.08
8.001,9531,77.2,176.3,99,13.52,11.2,530,100,100,100,100,0,0,0,0,0,0,0,0,74.07,0.04,4.44,1.64,2.02,0,0,49.1,0,0,-1,0.01,3.46,0.05,0.01,0.01,4.54,1.68,2.07
8.101,9594,77.2,176.3,98.9,13.38,11.2,530,100,100,100,100,0,0,0,0,0,0,0,0,73.88,0.04,4.23,1.67,2.02,0,0,50.1,0,0,-1,0.01,3.46,0.05,0.01,0.01,4.34,1.71,2.07
8.201,9675,77.2,176.3,98.9,13.51,11.2,530,100,100,100,100,0,0,0,0,0,0,0,0,74.05,0.03,4.04,1.65,1.97,0,0,50.3,0,0,-1,0.01,3.46,0.04,0.01,0.01,4.13,1.69,2.02
8.3,9738,77.2,176.3,98.9,13.37,11.1,530,100,100,100,100,0,0,0,0,0,0,0,0,73.27,0.03,4.19,1.63,2,0,0,50.6,0,0,-1,0.01,3.43,0.04,0.01,0.01,4.29,1.67,2.05
8.4,9833,77.2,176.3,98.9,13.55,11.1,530,100,100,100,100,0,0,0,0,0,0,0,0,74.38,0.03,4.2,1.63,2.01,0,0,51,0,0,-1,0.01,3.48,0.04,0.01,0.01,4.3,1.67,2.05
8.503,9823,77.2,176.3,99,13.57,11.1,530,100,100,100,100,0,0,0,0,0,0,0,0,75.4,0.03,4.26,1.65,1.92,0,0,51.4,0,0,-1,0.01,3.52,0.03,0.01,0.01,4.37,1.69,1.97
8.6,9887,77.2,176.3,99,13.35,11.1,530,100,100,100,100,0,0,0,0,0,0,0,0,74.65,0.02,4.08,1.63,1.95,0,0,51.6,0,0,-1,0.01,3.49,0.03,0.01,0.01,4.18,1.67,1.99
8.702,9877,77.2,176.3,98.9,13.51,11.1,530,100,100,100,100,0,0,1,0,0,0,0,0,73.92,0.02,3.92,1.61,1.85,0,0,51.8,0,0,-1,0.01,3.46,0.03,0.01,0.01,4.02,1.65,1.9
8.8,10116,77.2,176.3,97.1,13.34,11.1,530,100,100,100,100,0,0,0,0,0,0,0,0,73.9,0.02,4.16,1.65,1.9,0,0,51.6,0,0,-1,0.01,3.46,0.03,0.01,0.01,4.26,1.69,1.94
8.9,11269,77.2,176.3,0,10.97,11.3,530,100,100,100,100,0,0,1,0,0,0,0,0,74.72,0.02,3.57,1.65,1.57,0,0,51,0,0,-1,0.01,3.49,0.02,0.01,0.01,3.65,1.69,1.6
9,10970,77.2,176.3,0,9.88,11.3,530,100,100,100,100,0,0,1,0,0,0,0,0,74.55,0.02,3.79,1.61,1.72,0,0,51,0,0,-1,0.01,3.48,0.02,0.01,0.01,3.89,1.65,1.76
9.1,9059,77.2,176.3,98.9,13.35,11.2,530,100,100,100,100,0,0,0,0,0,0,0,0,73.57,0.02,3.89,1.64,1.96,0,0,55.5,0,0,-1,0.01,3.44,0.02,0.01,0.01,3.98,1.68,2.01
9.2,9191,77.2,176.3,99.2,13.45,11.2,530,100,100,100,100,0,0,0,0,0,0,0,0,74.02,0.02,4.39,1.66,2.05,0,0,53.4,0,0,-1,0.01,3.46,0.02,0.01,0.01,4.5,1.7,2.1
9.3,9215,77.2,176.3,99.3,13.44,11.2,530,100,100,100,100,0,0,0,0,0,0,0,0,74.17,0.01,4.36,1.62,2.03,0,0,52.8,0,0,-1,0.01,3.47,0.02,0.01,0.01,4.47,1.66,2.08
9.4,9261,77.2,176.3,99.1,13.42,11.2,530,100,100,100,100,0,0,0,0,0,0,0,0,72.72,0.01,4.36,1.65,2,0,0,53.4,0,0,-1,0.01,3.41,0.02,0.01,0.01,4.46,1.69,2.05
9.5,9355,77.2,176.3,99.2,13.51,11.2,530,100,100,100,100,0,0,0,0,0,0,0,0,72.52,0.01,4.38,1.66,2.03,0,0,53.8,0,0,-1,0.01,3.4,0.02,0.01,0.01,4.49,1.7,2.08
9.6,9402,77.2,176.3,99.4,13.5,11.2,530,100,100,100,100,0,0,0,0,0,0,0,0,72.5,0.01,4.41,1.64,2.03,0,0,54.2,0,0,-1,0.01,3.4,0.01,0.01,0.01,4.51,1.68,2.08
9.7,9481,77.2,176.3,99.7,13.51,11.2,530,100,100,100,100,0,0,0,0,0,0,0,0,73.09,0.01,4.49,1.61,1.99,0,0,54.6,0,0,-1,0.01,3.42,0.01,0.01,0.01,4.6,1.65,2.04
9.801,9556,77.2,176.3,99.7,13.39,11.2,530,100,100,100,100,0,0,1,0,0,0,0,0,73.7,0.01,4.42,1.64,1.95,0,0,54.5,0,0,-1,0.01,3.45,0.01,0.01,0.01,4.53,1.68,2
9.901,9596,77.2,176.3,99.7,13.39,11.2,530,100,100,100,100,0,0,0,0,0,0,0,0,73.5,0.01,4.32,1.65,1.91,0,0,55.7,0,0,-1,0.01,3.44,0.01,0.01,0.01,4.42,1.69,1.96
10,9667,77.2,176.3,99.9,13.44,11.2,530,100,100,100,100,0,0,1,0,0,0,0,0,74.4,0.01,4.19,1.63,1.96,0,0,55.9,0,0,-1,0.01,3.48,0.01,0.01,0.01,4.29,1.67,2.01
10.1,9694,77.2,176.3,99.8,13.39,11.1,530,100,100,100,100,0,0,1,0,0,0,0,0,74.47,0.01,4.13,1.66,2,0,0,55.9,0,0,-1,0.01,3.48,0.01,0.01,0.01,4.23,1.7,2.05
10.2,9704,77.2,176.3,99.7,13.38,11.2,530,100,100,100,100,0,0,0,0,0,0,0,0,73.82,0.01,4.14,1.61,2,0,0,56,0,0,-1,0.01,3.45,0.01,0.01,0.01,4.24,1.64,2.05
10.3,9776,77.2,176.3,99.9,13.51,11.1,530,100,100,100,100,0,0,0,0,0,0,0,0,74.2,0.01,4.38,1.61,1.96,0,0,56.7,0,0,-1,0.01,3.47,0.01,0.01,0.01,4.48,1.65,2.01
10.4,9825,77.2,176.3,99.7,13.44,11.1,530,100,100,100,100,0,0,1,0,0,0,0,0,74.52,0.01,4.22,1.63,2.03,0,0,56.5,0,0,-1,0.01,3.48,0.01,0.01,0.01,4.32,1.67,2.08
10.5,9857,77.2,176.3,99.9,13.49,11.1,530,100,100,100,100,0,0,1,0,0,0,0,0,74.32,0.01,4.29,1.64,2.06,0,0,57.5,0,0,-1,0.01,3.47,0.01,0.01,0.01,4.39,1.68,2.11
10.601,9877,77.2,176.1,99.7,13.48,11.8,530,100,100,100,100,0,0,1,0,0,0,0,0,74.65,0.01,3.84,1.66,2.05,0,0,57.1,0,0,-1,0.01,3.49,0.01,0.01,0.01,3.93,1.7,2.1
10.7,9909,77.2,174.4,99.7,13.39,11.8,530,100,100,100,100,0,0,1,0,0,0,0,0,74.8,0.01,4.33,1.65,2.02,0,0,57.3,0,0,-1,0.01,3.49,0.01,0.01,0.01,4.44,1.69,2.07
10.8,10017,77.2,174.4,99.8,13.36,11.8,530,100,100,100,100,0,0,1,0,0,0,0,0,75.05,0.01,4.11,1.66,1.94,0,0,57.5,0,0,-1,0.01,3.5,0.01,0.01,0.01,4.21,1.7,1.98
10.9,9951,77.2,174.4,99.8,13.38,11.8,530,100,100,100,100,0,0,1,0,0,0,0,0,74.34,0.01,4.07,1.64,1.98,0,0,57.8,0,0,-1,0.01,3.47,0.01,0.01,0.01,4.16,1.68,2.03
11,9949,77.2,174.4,99.7,13.42,11.8,530,100,100,100,100,0,0,1,0,0,0,0,0,74.2,0.01,4.16,1.62,2.02,0,0,57.5,0,0,-1,0.01,3.47,0.01,0.01,0.01,4.26,1.66,2.07
11.101,10011,77.2,174.4,99.6,13.5,11.8,530,100,100,100,100,0,0,0,0,0,0,0,0,74.38,0.01,4.02,1.62,1.93,0,0,57.8,0,0,-1,0.01,3.48,0.01,0.01,0.01,4.11,1.66,1.98
11.2,9986,77.2,174.4,99.7,13.63,11.8,530,100,100,100,100,0,0,0,0,0,0,0,0,74,0.01,3.8,1.68,1.92,0,0,58,0,0,-1,0.01,3.46,0.01,0.01,0.01,3.9,1.72,1.97
11.3,9982,77.2,174.4,99.7,13.36,11.8,530,100,100,100,100,0,0,0,0,0,0,0,0,74.52,0.01,3.99,1.66,2.07,0,0,57.8,0,0,-1,0.01,3.48,0.01,0.01,0.01,4.08,1.7,2.12
11.4,10067,77.2,174.4,99.7,13.4,11.8,530,100,100,100,100,0,0,1,0,0,0,0,0,73.95,0.01,4.22,1.6,2.07,0,0,58.4,0,0,-1,0.01,3.46,0.01,0.01,0.01,4.32,1.64,2.12
11.503,9973,77.2,174.4,99.6,13.62,11.9,530,100,100,100,100,0,0,0,0,0,0,0,0,74.25,0.01,4.28,1.63,2.01,0,0,57.8,0,0,-1,0.01,3.47,0.01,0.01,0.01,4.38,1.67,2.06
11.6,10082,77.2,174.4,99.8,13.47,11.8,530,100,100,100,100,0,0,0,0,0,0,0,0,73.92,2.85,4.3,1.62,2.01,0,0,58.2,0,0,-1,0.01,3.46,3.61,0.01,0.01,4.41,1.66,2.06
11.7,10042,77.2,174.4,99.7,13.42,11.9,530,100,100,100,100,0,0,0,0,0,0,0,0,74.15,2.99,4.25,1.65,1.95,0,0,57.8,0,0,-1,0.01,3.47,3.8,0.01,0.01,4.36,1.69,2
11.8,10049,77.2,174.4,99.6,13.4,11.9,530,100,100,100,100,0,0,0,0,0,0,0,0,73.2,2.89,4.07,1.65,1.9,0,0,58,0,0,-1,0.01,3.43,3.67,0.01,0.01,4.17,1.69,1.95
11.901,10037,77.2,174.4,99.7,13.43,11.9,530,100,100,100,100,0,0,1,0,0,0,0,0,74.47,2.7,4.42,1.66,1.99,0,0,58.1,0,0,-1,0.01,3.48,3.43,0.01,0.01,4.53,1.7,2.04
12,10137,77.2,174.4,0,12.96,12,530,100,100,100,100,0,0,1,0,0,0,0,0,74.17,2.43,4.5,1.64,1.94,0,0,57.1,0,0,-1,0.01,3.47,3.09,0.01,0.01,4.61,1.68,1.98
12.1,11042,77.2,174.4,0.2,9.57,12,530,100,100,100,100,0,0,1,0,0,0,0,0,74.92,3.17,3.47,1.65,1.71,0,0,56,0,0,-1,0.01,3.5,4.02,0.01,0.01,3.56,1.69,1.76
12.201,10783,77.2,174.4,4.3,8.03,11.9,530,100,100,100,100,0,0,1,0,0,0,0,0,74.02,2.84,3.92,1.63,1.81,0,0,55.4,0,0,-1,0.01,3.46,3.6,0.01,0.01,4.02,1.67,1.85
12.3,9784,77.2,174.4,2.4,7.25,11.9,530,100,100,100,100,0,0,0,0,0,0,0,0,74.95,2.55,4.14,1.64,2.04,0,0,54.3,0,0,-1,0.01,3.5,3.24,0.01,0.01,4.24,1.68,2.09
12.4,9251,77.2,174.4,0,7.32,12,530,100,100,100,100,0,0,0,0,0,0,0,0,74.15,2.95,4.18,1.64,1.89,0,0,55,0,0,-1,0.01,3.47,3.74,0.01,0.01,4.28,1.68,1.93
12.5,9341,77.2,174.4,0,7.41,12,530,100,100,100,100,0,0,0,0,0,0,0,0,74.07,3.16,4.34,1.67,1.92,0,0,54,0,0,-1,0.01,3.46,4.01,0.01,0.01,4.45,1.71,1.97
12.6,8719,77.2,174.4,0,7.15,12,530,100,100,100,100,0,0,0,0,0,0,0,0,72.3,2.83,4.44,1.61,1.8,0,0,52.7,0,0,-1,0.01,3.39,3.59,0.01,0.01,4.55,1.65,1.85
12.701,7666,77.2,174.4,0,7.43,12,530,100,100,100,100,0,0,0,0,0,0,0,0,69.2,2.8,4.27,1.63,1.75,0,0,51.8,0,0,-1,0.01,3.27,3.55,0.01,0.01,4.37,1.67,1.8
12.8,6750,77.2,174.4,0,8.17,12,530,100,100,100,100,0,0,0,0,0,0,0,0,62.88,2.52,4.56,1.68,2.03,0,0,51.1,0,0,-1,0.01,3.02,3.19,0.01,0.01,4.67,1.72,2.08
12.9,6343,77.2,174.4,3.5,9.38,12,530,100,100,100,100,0,0,1,0,0,0,0,0,58.45,2.78,4.56,1.62,2.04,0,0,49.8,0,0,-1,0.01,2.84,3.52,0.01,0.01,4.67,1.66,2.09
13,8737,77.2,174.3,2.3,8.63,12,530,100,100,100,100,0,0,1,0,0,0,0,0,69.02,2.49,4.36,1.63,1.92,0,0,43.8,0,0,-1,0.01,3.26,3.17,0.01,0.01,4.46,1.67,1.97
13.101,10248,77.2,172.6,0,7.65,12,530,100,100,100,100,0,0,0,0,0,0,0,0,67.84,2.25,4.29,1.66,1.74,0,0,47,0,0,-1,0.01,3.21,2.85,0.01,0.01,4.39,1.7,1.78
13.2,10180,77.2,172.6,0,6.87,12,530,100,100,100,100,0,0,0,0,0,0,0,0,70.5,2.03,4.14,1.64,1.76,0,0,45.8,0,0,-1,0.01,3.32,2.58,0.01,0.01,4.24,1.68,1.8
13.3,9929,77.2,172.6,0,6.55,12,530,100,100,100,100,0,0,0,0,0,0,0,0,68.8,1.84,4.32,1.62,1.91,0,0,45.4,0,0,-1,0.01,3.25,2.33,0.01,0.01,4.42,1.66,1.96
13.4,9696,77.2,172.6,0,6.67,12,530,100,100,100,100,0,0,0,0,0,0,0,0,67.27,1.67,4.16,1.64,1.91,0,0,43.8,0,0,-1,0.01,3.19,2.11,0.01,0.01,4.26,1.68,1.96
13.5,9755,77.2,172.6,8.7,7.01,12,530,100,100,100,100,0,0,0,0,0,0,0,0,67.65,1.51,4.34,1.65,1.97,0,0,43.8,0,0,-1,0.01,3.21,1.92,0.01,0.01,4.45,1.69,2.02
13.601,9793,77.2,172.6,0,8.39,12,530,100,100,100,100,0,0,0,0,0,0,0,0,67.22,1.37,4.08,1.65,2.02,0,0,44.1,0,0,-1,0.01,3.19,1.74,0.01,0.01,4.18,1.69,2.07
13.701,9392,77.2,172.6,29.5,12.65,12,530,100,100,100,100,0,0,0,0,0,0,0,0,65.9,1.24,4.46,1.65,1.92,0,0,43.1,0,0,-1,0.01,3.14,1.58,0.01,0.01,4.57,1.69,1.97
13.8,10479,77.2,172.6,98.4,13.54,12,530,100,100,100,100,0,0,0,0,0,0,0,0,67.17,1.13,3.99,1.64,1.81,0,0,43.2,0,0,-1,0.01,3.19,1.44,0.01,0.01,4.08,1.68,1.85
13.9,9940,77.2,172.6,98.9,13.33,12,530,100,100,100,100,0,0,1,0,0,0,0,0,65,1.03,4.24,1.6,1.9,0,0,44.7,0,0,-1,0.01,3.1,1.3,0.01,0.01,4.34,1.64,1.94
14,10067,77.2,172.6,99.1,13.28,12,530,100,100,100,100,0,0,0,0,0,0,0,0,68.3,3.01,4.38,1.59,1.88,0,0,45.6,0,0,-1,0.01,3.23,3.82,0.01,0.01,4.48,1.63,1.92
14.1,10096,77.2,172.6,98.9,13.47,11.9,530,100,100,100,100,0,0,0,0,0,0,0,0,69.25,3.18,4.14,1.6,1.89,0,0,45.3,0,0,-1,0.01,3.27,4.03,0.01,0.01,4.24,1.64,1.93
14.201,10220,77.2,172.6,99.2,13.39,12,530,100,100,100,100,0,0,0,0,0,0,0,0,71.82,3.08,4.14,1.59,1.88,0,0,45.8,0,0,-1,0.01,3.37,3.91,0.01,0.01,4.24,1.63,1.92
14.301,10222,77.2,172.6,98.9,13.51,11.9,530,100,100,100,100,0,0,1,0,0,0,0,0,72.27,3.03,4.21,1.38,1.86,0,0,45.9,0,0,-1,0.01,3.39,3.84,0.01,0.01,4.31,1.41,1.91
14.4,10269,77.2,172.6,99,13.28,12,530,100,100,100,100,0,0,1,0,0,0,0,0,72.75,3.11,4.21,1.09,1.83,0,0,47.3,0,0,-1,0.01,3.41,3.95,0.01,0.01,4.31,1.12,1.87
14.5,10311,77.2,172.6,98.8,13.36,12,530,100,100,100,100,0,0,1,0,0,0,0,0,73.57,3.13,4.42,1.23,1.93,0,0,45.3,0,0,-1,0.01,3.44,3.97,0.01,0.01,4.53,1.26,1.98
14.6,10295,77.2,172.6,98.8,13.43,12,530,100,100,100,100,0,0,1,0,0,0,0,0,73.32,3.08,4.37,1.08,1.85,0,0,46.6,0,0,-1,0.01,3.43,3.91,0.01,0.01,4.48,1.1,1.9
14.701,10325,77.2,172.6,99,13.6,11.9,530,100,100,100,100,0,0,0,0,0,0,0,0,73.7,3.21,4.4,1.01,1.89,0,0,44.4,0,0,-1,0.01,3.45,4.08,0.01,0.01,4.5,1.04,1.94
14.801,10271,77.2,172.6,0,13.31,11.9,530,100,100,100,100,0,0,1,0,0,0,0,0,74.34,3.23,4.35,1.17,1.9,0,0,45.4,0,0,-1,0.01,3.47,4.1,0.01,0.01,4.45,1.2,1.94
14.9,10306,77.2,170.8,7.1,9.84,12,530,100,100,100,100,0,0,1,0,0,0,0,0,75.5,3.06,4.58,1.17,1.98,0,0,45.1,0,0,-1,0.01,3.52,3.89,0.01,0.01,4.69,1.2,2.03
15,9371,77.2,170.8,6.3,8.39,11.9,530,100,100,100,100,0,0,0,0,0,0,0,0,75.57,3.26,4.77,1.09,1.88,0,0,43.3,0,0,-1,0.01,3.52,4.13,0.01,0.01,4.89,1.12,1.92
15.1,9400,77.2,170.8,0.6,7.64,12,530,100,100,100,100,0,0,1,0,0,0,0,0,75.7,3.3,4.72,1.09,1.86,0,0,39.3,0,0,-1,0.01,3.53,4.18,0.01,0.01,4.83,1.12,1.91
15.2,9619,77.2,170.8,0,7.54,12,530,100,100,100,100,0,0,0,0,0,0,0,0,75.45,3.24,4.57,0.9,1.97,0,0,41.1,0,0,-1,0.01,3.52,4.12,0.01,0.01,4.68,0.92,2.02
15.3,9255,77.2,170.8,0.3,7.33,12,530,100,100,100,100,0,0,1,0,0,0,0,0,75.92,3.13,4.45,0.91,1.89,0,0,41.2,0,0,-1,0.01,3.54,3.97,0.01,0.01,4.56,0.93,1.93
15.401,9070,77.2,170.8,0.3,7.38,12,530,100,100,100,100,0,0,0,0,0,0,0,0,75.63,3.23,4.75,1.04,1.9,0,0,41.2,0,0,-1,0.01,3.53,4.1,0.01,0.01,4.86,1.06,1.95
15.5,8597,77.2,170.8,22.4,8.07,12,530,100,100,100,100,0,0,0,0,0,0,0,0,74.84,3.22,4.62,1.04,1.84,0,0,38.8,0,0,-1,0.01,3.49,4.09,0.01,0.01,4.73,1.06,1.89
15.6,9036,77.2,170.8,0,7.93,12,530,100,100,100,100,0,0,1,0,0,0,0,0,74.57,3.18,4.55,1.13,2.01,0,0,38,0,0,-1,0.01,3.48,4.03,0.01,0.01,4.66,1.16,2.05
15.7,8571,77.2,170.8,0,7.47,12,530,100,100,100,100,0,0,1,0,0,0,0,0,73.75,3.19,4.7,1.17,1.95,0,0,39,0,0,-1,0.01,3.45,4.05,0.01,0.01,4.81,1.2,2
15.8,7853,77.2,170.8,0,7.56,12,530,100,100,100,100,0,0,0,0,0,0,0,0,73.84,3.23,4.63,1.24,1.88,0,0,34.3,0,0,-1,0.01,3.45,4.1,0.01,0.01,4.74,1.27,1.92
15.901,8211,77.2,170.8,11.4,7.98,12,530,100,100,100,100,0,0,0,0,0,0,0,0,74.3,3.24,4.64,1.15,1.84,0,0,34.5,0,0,-1,0.01,3.47,4.11,0.01,0.01,4.76,1.18,1.89
16,8232,77.2,170.8,0,8.21,12,530,100,100,100,100,0,0,0,0,0,0,0,0,74.07,3.1,4.6,0.96,1.97,0,0,35.3,0,0,-1,0.01,3.46,3.94,0.01,0.01,4.72,0.98,2.01
16.1,8249,77.2,170.8,9,7.95,12,530,100,100,100,100,0,0,0,0,0,0,0,0,73.82,3.23,4.65,1.07,1.81,0,0,36.8,0,0,-1,0.01,3.45,4.1,0.01,0.01,4.76,1.09,1.85
16.2,7847,77.2,170.8,9.2,8.08,12,530,100,100,100,100,0,0,0,0,0,0,0,0,74.2,3.27,4.67,0.99,1.87,0,0,34.7,0,0,-1,0.01,3.47,4.15,0.01,0.01,4.78,1.01,1.91
16.3,7327,77.2,170.8,2.4,8.33,12,530,100,100,100,100,0,0,1,0,0,0,0,0,72.42,3.08,4.6,1.09,2.01,0,0,32.9,0,0,-1,0.01,3.4,3.91,0.01,0.01,4.71,1.12,2.06
16.401,7598,77.2,170.8,1.2,8.45,11.9,530,100,100,100,100,0,0,0,0,0,0,0,0,73.09,3.12,4.33,0.97,1.85,0,0,32.5,0,0,-1,0.01,3.42,3.96,0.01,0.01,4.43,0.99,1.9
16.5,7258,77.2,170.8,0,8.4,12,530,100,100,100,100,0,0,1,0,0,0,0,0,72.67,3.29,4.68,1.05,1.96,0,0,31.6,0,0,-1,0.01,3.41,4.17,0.01,0.01,4.79,1.08,2.01
16.6,7392,77.2,170.8,1.8,8.58,12,530,100,100,100,100,0,0,1,0,0,0,0,0,72.34,3.2,4.74,1.09,1.88,0,0,33.9,0,0,-1,0.01,3.39,4.06,0.01,0.01,4.86,1.12,1.92
16.7,7320,77.2,170.8,0.2,8.72,12,530,100,100,100,100,0,0,1,0,0,0,0,0,71.77,3.1,4.59,0.91,1.96,0,0,32.6,0,0,-1,0.01,3.37,3.93,0.01,0.01,4.7,0.94,2.01
16.8,6956,77.2,170.8,0.7,8.95,12,530,100,100,100,100,0,0,0,0,0,0,0,0,70.34,3.19,4.72,0.91,2.01,0,0,31.3,0,0,-1,0.01,3.31,4.04,0.01,0.01,4.83,0.93,2.06
16.901,6823,77.2,170.8,0,9.21,12,530,100,100,100,100,0,0,1,0,0,0,0,0,70.02,3.19,4.77,0.96,1.97,0,0,29.9,0,0,-1,0.01,3.3,4.05,0.01,0.01,4.88,0.98,2.01
17,6744,77.2,170.8,0.2,9.47,12,530,100,100,100,100,0,0,0,0,0,0,0,0,70,3.16,4.77,0.91,2.05,0,0,29.3,0,0,-1,0.01,3.3,4.02,0.01,0.01,4.88,0.93,2.1
17.1,6681,77.2,170.8,3.6,9.72,12,530,100,100,100,100,0,0,0,0,0,0,0,0,68.05,3.11,4.69,0.88,1.96,0,0,28.8,0,0,-1,0.01,3.22,3.95,0.01,0.01,4.8,0.9,2.01
17.2,6717,77.2,169,18.8,11.62,12,530,100,100,100,100,0,0,0,0,0,0,0,0,67.77,3.22,4.79,0.87,1.97,0,0,27.9,0,0,-1,0.01,3.21,4.09,0.01,0.01,4.91,0.9,2.01
17.301,6596,77.2,169,76.8,13.99,12,530,100,100,100,100,0,0,1,0,0,0,0,0,65.09,3.2,4.76,0.86,2.07,0,0,27.2,0,0,-1,0.01,3.1,4.06,0.01,0.01,4.87,0.88,2.12
17.4,7185,77.2,169,71.7,13.77,12,530,100,100,100,100,0,0,1,0,0,0,0,0,69.02,3.2,4.8,0.91,1.93,0,0,30.3,0,0,-1,0.01,3.26,4.06,0.01,0.01,4.92,0.93,1.98
17.5,6792,77.2,169,42.8,13.9,12,530,100,100,100,100,0,0,0,0,0,0,0,0,67.47,3.17,4.7,1.07,2.12,0,0,29.9,0,0,-1,0.01,3.2,4.02,0.01,0.01,4.81,1.1,2.17
17.6,6700,77.2,169,88.5,14.03,12,530,100,100,100,100,0,0,1,0,0,0,0,0,64.82,3.04,4.77,1.05,1.95,0,0,31,0,0,-1,0.01,3.09,3.86,0.01,0.01,4.88,1.08,2
17.703,7252,77.2,169,97.2,14.01,12,530,100,100,100,100,0,0,1,0,0,0,0,0,68.67,3.1,4.69,0.96,2.1,0,0,32.6,0,0,-1,0.01,3.25,3.93,0.01,0.01,4.81,0.98,2.15
17.8,6925,77.2,169,100,13.96,12,530,100,100,100,100,0,0,0,0,0,0,0,0,68.95,3.25,4.71,0.97,2.07,0,0,31.7,0,0,-1,0.01,3.26,4.12,0.01,0.01,4.82,0.99,2.12
17.9,6962,77.2,169,99.8,13.98,12,530,100,100,100,100,0,0,0,0,0,0,0,0,69.3,3.09,4.71,0.98,2.11,0,0,30.8,0,0,-1,0.01,3.27,3.92,0.01,0.01,4.82,1,2.16
18,7408,77.2,169,100,13.8,12,530,100,100,100,100,0,0,0,0,0,0,0,0,71.59,3.04,4.7,1.04,1.97,0,0,33.6,0,0,-1,0.01,3.36,3.86,0.01,0.01,4.81,1.07,2.01
18.1,7059,78.8,169,100,14.07,12,530,100,100,100,100,0,0,1,0,0,0,0,0,71.82,3.08,4.72,1.06,2.07,0,0,32.5,0,0,-1,0.01,3.37,3.91,0.01,0.01,4.83,1.09,2.12
18.2,7488,79,169,100,13.88,12,530,100,100,100,100,0,0,1,0,0,0,0,0,72.02,3.14,4.79,1.28,1.93,0,0,34,0,0,-1,0.01,3.38,3.98,0.01,0.01,4.91,1.31,1.97
18.3,7683,79,169,100,13.83,12,530,100,100,100,100,0,0,0,0,0,0,0,0,71.88,3.16,4.41,1.6,1.93,0,0,34.3,0,0,-1,0.01,3.38,4.01,0.01,0.01,4.51,1.63,1.98
18.4,7387,79,169,100,13.79,12,530,100,100,100,100,0,0,1,0,0,0,0,0,72.63,3.15,4.6,1.5,2.04,0,0,33.7,0,0,-1,0.01,3.41,4,0.01,0.01,4.71,1.53,2.09
18.501,7367,79,169,100,13.93,12,530,100,100,100,100,0,0,0,0,0,0,0,0,72.2,3.15,4.75,1.26,2.06,0,0,33,0,0,-1,0.01,3.39,3.99,0.01,0.01,4.86,1.29,2.11
18.6,7530,79,169,100,13.96,12,530,100,100,100,100,0,0,1,0,0,0,0,0,72.02,3.16,4.75,1.06,1.99,0,0,33.3,0,0,-1,0.01,3.38,4.01,0.01,0.01,4.87,1.09,2.04
18.701,7614,79,169,100,13.85,12,530,100,100,100,100,0,0,0,0,0,0,0,0,72.07,3.17,4.64,1.06,1.98,0,0,34.5,0,0,-1,0.01,3.38,4.02,0.01,0.01,4.75,1.09,2.02
18.8,7722,79,169,100,13.77,12,530,100,100,100,100,0,0,1,0,0,0,0,0,73.09,3.11,4.65,1.15,1.9,0,0,36.1,0,0,-1,0.01,3.42,3.95,0.01,0.01,4.77,1.18,1.95
18.901,7836,79,169,100,13.87,12,530,100,100,100,100,0,0,1,0,0,0,0,0,72.67,3.1,4.65,1.2,2,0,0,37,0,0,-1,0.01,3.41,3.94,0.01,0.01,4.76,1.23,2.05
19,8134,79,169,100,13.74,12,530,100,100,100,100,0,0,0,0,0,0,0,0,73.75,3.15,4.34,1.44,2.08,0,0,36.3,0,0,-1,0.01,3.45,4,0.01,0.01,4.45,1.48,2.13
19.1,7991,79,169,100,13.83,12,530,100,100,100,100,0,0,0,0,0,0,0,0,73.57,3.19,4.28,1.57,1.96,0,0,37.3,0,0,-1,0.01,3.44,4.04,0.01,0.01,4.38,1.61,2.01
19.2,7968,79,169,100,13.85,12,530,100,100,100,100,0,0,0,0,0,0,0,0,72.67,3.15,4.28,1.68,2.07,0,0,36,0,0,-1,0.01,3.41,4,0.01,0.01,4.38,1.73,2.12
19.3,8105,79,169,100,13.69,12,530,100,100,100,100,0,0,0,0,0,0,0,0,73.7,3.07,4.01,1.72,1.77,0,0,36.1,0,0,-1,0.01,3.45,3.9,0.01,0.01,4.1,1.77,1.81
19.4,8169,79,169,100,13.75,12,530,100,100,100,100,0,0,1,0,0,0,0,0,72.52,2.77,4.11,1.81,2.05,0,0,37.5,0,0,-1,0.01,3.4,3.51,0.01,0.01,4.21,1.85,2.1
19.501,8560,79,169,100,13.73,12,530,100,100,100,100,0,0,0,0,0,0,0,0,73.15,2.49,3.31,1.99,1.67,0,0,37.9,0,0,-1,0.01,3.43,3.16,0.01,0.01,3.39,2.04,1.71
19.6,9369,79,169,100,13.47,11.9,530,100,100,100,100,0,0,0,0,0,0,0,0,73.07,2.25,3.78,2.1,2.05,0,0,41.3,0,0,-1,0.01,3.42,2.86,0.01,0.01,3.87,2.15,2.1
19.7,9223,79,169,100,13.51,11.9,530,100,100,100,100,0,0,1,0,0,0,0,0,73.34,2.03,3.59,2.1,1.78,0,0,40.7,0,0,-1,0.01,3.43,2.58,0.01,0.01,3.68,2.16,1.82
19.8,10101,79,169,100,13.47,11.8,530,100,100,100,100,0,0,0,0,0,0,0,0,72.07,1.84,4.11,1.71,1.82,0,0,42.3,0,0,-1,0.01,3.38,2.34,0.01,0.01,4.21,1.75,1.86
19.9,9457,79,169,100,13.55,11.9,530,100,100,100,100,0,0,0,0,0,0,0,0,71.59,3.05,4.43,1.17,2.09,0,0,43.2,0,0,-1,0.01,3.36,3.87,0.01,0.01,4.53,1.2,2.14
20,9057,79,169,0,12.95,12,530,100,100,100,100,0,0,0,0,0,0,0,0,72.5,3.03,4.58,1.14,2.07,0,0,40.7,0,0,-1,0.01,3.4,3.85,0.01,0.01,4.69,1.16,2.12
20.1,8319,79,169,0,9.97,12,530,100,100,100,100,0,0,1,0,0,0,0,0,71.34,3.09,4.02,1.53,1.8,0,0,35.8,0,0,-1,0.01,3.35,3.93,0.01,0.01,4.12,1.57,1.85
20.2,7642,79,169,63.1,12.99,12,530,100,100,100,100,0,0,0,0,0,0,0,0,67.55,3.19,4.3,1.79,1.91,0,0,36.6,0,0,-1,0.01,3.2,4.05,0.01,0.01,4.4,1.84,1.96
20.3,9168,79,169,69.3,13.55,12,530,100,100,100,100,0,0,0,0,0,0,0,0,71.57,2.86,4.53,1.73,2.01,0,0,38.5,0,0,-1,0.01,3.36,3.63,0.01,0.01,4.64,1.77,2.06
20.4,8903,79,169,99.8,13.51,12,530,100,100,100,100,0,0,1,0,0,0,0,0,71.3,2.94,3.96,1.62,2.02,0,0,39.8,0,0,-1,0.01,3.35,3.73,0.01,0.01,4.06,1.66,2.07
20.5,8884,79,169,100,13.57,12,530,100,100,100,100,0,0,1,0,0,0,0,0,72.84,3.03,4.62,1.57,2.03,0,0,39.8,0,0,-1,0.01,3.41,3.84,0.01,0.01,4.73,1.6,2.08
20.6,9037,79,169,100,13.51,12,530,100,100,100,100,0,0,0,0,0,0,0,0,65.42,3.19,4.61,1.64,2.05,0,0,41.2,0,0,-1,0.01,3.12,4.05,0.01,0.01,4.72,1.68,2.1
20.7,9161,79,169,100,13.47,12,530,100,100,100,100,0,0,1,0,0,0,0,0,69.27,3.06,4.4,1.67,2.05,0,0,41.6,0,0,-1,0.01,3.27,3.88,0.01,0.01,4.5,1.71,2.1
20.801,9483,79,169,100,13.44,12,530,100,100,100,100,0,0,0,0,0,0,0,0,71.9,2.84,4.23,1.63,1.93,0,0,42.1,0,0,-1,0.01,3.38,3.61,0.01,0.01,4.33,1.67,1.97
20.903,9471,79,169,100,13.44,12,530,100,100,100,100,0,0,0,0,0,0,0,0,72.77,3.06,4.52,1.6,1.96,0,0,42.8,0,0,-1,0.01,3.41,3.89,0.01,0.01,4.63,1.64,2.01
21,9550,79,169,100,13.44,12,530,100,100,100,100,0,0,0,0,0,0,0,0,73.55,3.18,4.12,1.63,1.97,0,0,43.1,0,0,-1,0.01,3.44,4.04,0.01,0.01,4.22,1.67,2.01
21.1,9712,79,169,100,13.41,12,530,100,100,100,100,0,0,0,0,0,0,0,0,73.45,3.14,4.29,1.64,2.06,0,0,43.8,0,0,-1,0.01,3.44,3.98,0.01,0.01,4.39,1.68,2.11
21.201,9771,79,169,100,13.39,12,530,100,100,100,100,0,0,0,0,0,0,0,0,74.2,3.08,4.29,1.6,1.99,0,0,43.9,0,0,-1,0.01,3.47,3.92,0.01,0.01,4.39,1.64,2.04
21.3,9887,79,169,100,13.62,12,530,100,100,100,100,0,0,0,0,0,0,0,0,74.25,3.17,4.44,1.61,1.96,0,0,44.3,0,0,-1,0.01,3.47,4.02,0.01,0.01,4.54,1.65,2.01
21.4,9890,79,169,0,11.75,12.1,530,100,100,100,100,0,0,1,0,0,0,0,0,73.82,3.08,4.45,1.64,1.99,0,0,44.4,0,0,-1,0.01,3.45,3.91,0.01,0.01,4.56,1.68,2.04
21.501,9729,79,169,6,9.35,12,530,100,100,100,100,0,0,0,0,0,0,0,0,73.67,2.83,4.38,1.66,1.97,0,0,44.3,0,0,-1,0.01,3.45,3.6,0.01,0.01,4.49,1.7,2.02
21.6,7890,79,169,0,8.49,12,530,100,100,100,100,0,0,1,0,0,0,0,0,72.5,3.08,4.18,1.65,1.85,0,0,44.2,0,0,-1,0.01,3.4,3.9,0.01,0.01,4.29,1.69,1.89
21.7,8469,79,169,0,9.88,12,530,100,100,100,100,0,0,0,0,0,0,0,0,73.84,3.12,3.73,1.62,1.68,0,0,43.8,0,0,-1,0.01,3.45,3.96,0.01,0.01,3.82,1.66,1.72
21.8,8849,79,169,0,8.97,12.1,530,100,100,100,100,0,0,0,0,0,0,0,0,74.47,2.81,4.45,1.64,1.98,0,0,44.6,0,0,-1,0.01,3.48,3.57,0.01,0.01,4.56,1.68,2.03
21.9,7574,79,169,98.7,13.36,12,530,100,100,100,100,0,0,1,0,0,0,0,0,72.95,2.58,4.26,1.64,1.92,0,0,42.5,0,0,-1,0.01,3.42,3.27,0.01,0.01,4.36,1.68,1.97
22.001,9513,79,169,100,13.57,12,530,100,100,100,100,0,0,1,0,0,0,0,0,74.09,3.07,4.47,1.63,2.05,0,0,43.8,0,0,-1,0.01,3.46,3.89,0.01,0.01,4.57,1.67,2.1
22.1,8555,79,169,100,13.69,12,530,100,100,100,100,0,0,0,0,0,0,0,0,73.84,3.05,4.14,1.64,1.77,0,0,45.1,0,0,-1,0.01,3.45,3.87,0.01,0.01,4.24,1.68,1.82
22.2,8801,79,169,100,13.62,12,530,100,100,100,100,0,0,0,0,0,0,0,0,73.59,2.92,4.3,1.65,1.87,0,0,45.9,0,0,-1,0.01,3.44,3.71,0.01,0.01,4.4,1.69,1.91
22.301,8846,79,169,100,13.55,12,530,100,100,100,100,0,0,0,0,0,0,0,0,73.09,2.63,4.36,1.66,1.83,0,0,46,0,0,-1,0.01,3.42,3.33,0.01,0.01,4.47,1.7,1.87
22.401,8991,79,169,100,13.56,12,530,100,100,100,100,0,0,0,0,0,0,0,0,72.95,3.09,4.52,1.64,1.97,0,0,47,0,0,-1,0.01,3.42,3.93,0.01,0.01,4.63,1.68,2.01
22.501,9081,79,169,100,13.45,12,530,100,100,100,100,0,0,0,0,0,0,0,0,73.57,3.11,4.2,1.65,2,0,0,47.6,0,0,-1,0.01,3.44,3.94,0.01,0.01,4.3,1.69,2.05
22.6,9172,79,169,100,13.45,12,530,100,100,100,100,0,0,1,0,0,0,0,0,73.5,2.8,4.22,1.64,1.97,0,0,47.7,0,0,-1,0.01,3.44,3.55,0.01,0.01,4.33,1.68,2.02
22.7,9245,79,169,100,13.48,12,530,100,100,100,100,0,0,0,0,0,0,0,0,74.4,3.09,4.34,1.66,1.86,0,0,48.1,0,0,-1,0.01,3.48,3.92,0.01,0.01,4.45,1.7,1.91
22.8,9378,79,169,100,13.5,12,530,100,100,100,100,0,0,1,0,0,0,0,0,73.63,2.84,4.31,1.66,2.01,0,0,48.9,0,0,-1,0.01,3.45,3.6,0.01,0.01,4.41,1.7,2.06
22.901,9455,79,169,100,13.55,12,530,100,100,100,100,0,0,1,0,0,0,0,0,74.4,2.55,4.46,1.66,2.01,0,0,49.1,0,0,-1,0.01,3.48,3.24,0.01,0.01,4.57,1.7,2.05
23,9521,79,169,100,13.57,12,530,100,100,100,100,0,0,0,0,0,0,0,0,74.34,2.97,4.32,1.67,2.06,0,0,49.5,0,0,-1,0.01,3.47,3.77,0.01,0.01,4.42,1.71,2.11
23.1,9717,79,169,100,13.55,12,530,100,100,100,100,0,0,0,0,0,0,0,0,74.13,2.66,4.29,1.67,1.98,0,0,50.6,0,0,-1,0.01,3.47,3.37,0.01,0.01,4.39,1.71,2.03
23.201,9719,79,169,100,13.51,12,530,100,100,100,100,0,0,1,0,0,0,0,0,75.32,3.13,4.31,1.65,2,0,0,50.6,0,0,-1,0.01,3.51,3.97,0.01,0.01,4.41,1.69,2.05
23.3,9853,79,169,100,13.59,12,530,100,100,100,100,0,0,1,0,0,0,0,0,74.47,2.96,4.44,1.64,2,0,0,50.8,0,0,-1,0.01,3.48,3.76,0.01,0.01,4.54,1.68,2.05
23.4,9788,79,169,100,13.42,12,530,100,100,100,100,0,0,1,0,0,0,0,0,75.02,3.13,4.16,1.64,1.95,0,0,51.1,0,0,-1,0.01,3.5,3.98,0.01,0.01,4.26,1.68,2
23.501,9836,79,169,100,13.4,12,530,100,100,100,100,0,0,0,0,0,0,0,0,75.05,3.11,4.28,1.64,2.02,0,0,50.8,0,0,-1,0.01,3.5,3.94,0.01,0.01,4.38,1.68,2.07
23.6,9868,79,169,100,13.51,12,530,100,100,100,100,0,0,1,0,0,0,0,0,74.97,3.07,4.14,1.64,1.99,0,0,51.4,0,0,-1,0.01,3.5,3.89,0.01,0.01,4.24,1.68,2.04
23.701,10033,79,169,100,13.43,12,530,100,100,100,100,0,0,0,0,0,0,0,0,75.17,2.98,4.15,1.67,1.89,0,0,51.6,0,0,-1,0.01,3.51,3.78,0.01,0.01,4.25,1.71,1.94
23.8,9909,79,169,100,13.6,12,530,100,100,100,100,0,0,1,0,0,0,0,0,75.27,3.02,4.18,1.64,1.94,0,0,51.7,0,0,-1,0.01,3.51,3.83,0.01,0.01,4.28,1.68,1.99
23.9,9944,79,169,100,13.55,12,530,100,100,100,100,0,0,0,0,0,0,0,0,74.63,2.71,4.1,1.64,1.99,0,0,52.2,0,0,-1,0.01,3.49,3.44,0.01,0.01,4.2,1.68,2.04
24.001,10064,79,169,100,13.44,12,530,100,100,100,100,0,0,1,0,0,0,0,0,75.4,3.03,4.08,1.66,1.9,0,0,52.3,0,0,-1,0.01,3.52,3.84,0.01,0.01,4.18,1.7,1.95
24.1,10076,79,169,100,13.45,12,530,100,100,100,100,0,0,0,0,0,0,0,0,75.25,3.06,4.21,1.65,1.91,0,0,52.5,0,0,-1,0.01,3.51,3.88,0.01,0.01,4.32,1.69,1.96
24.2,9988,79,169,100,13.66,12,530,100,100,100,100,0,0,0,0,0,0,0,0,74.92,3.11,4.34,1.65,1.95,0,0,52.6,0,0,-1,0.01,3.5,3.95,0.01,0.01,4.45,1.69,1.99
24.3,10044,79,169,100,13.66,12,530,100,100,100,100,0,0,1,0,0,0,0,0,74.7,3.12,4.17,1.64,1.94,0,0,52.1,0,0,-1,0.01,3.49,3.96,0.01,0.01,4.27,1.68,1.99
24.401,10020,79,169,100,13.68,12,530,100,100,100,100,0,0,1,0,0,0,0,0,74.72,3,4.15,1.64,1.95,0,0,52.4,0,0,-1,0.01,3.49,3.81,0.01,0.01,4.25,1.68,1.99
24.503,10139,79,169,100,13.63,12,530,100,100,100,100,0,0,0,0,0,0,0,0,74.65,2.71,4.14,1.64,1.86,0,0,52.5,0,0,-1,0.01,3.49,3.44,0.01,0.01,4.24,1.68,1.91
24.6,10101,79,169,100,13.4,12,530,100,100,100,100,0,0,0,0,0,0,0,0,74.82,3.06,4.01,1.66,1.87,0,0,52.3,0,0,-1,0.01,3.49,3.89,0.01,0.01,4.11,1.7,1.91
24.7,10110,79,169,100,13.59,12,530,100,100,100,100,0,0,1,0,0,0,0,0,74.3,3.1,4.32,1.65,1.96,0,0,52.8,0,0,-1,0.01,3.47,3.93,0.01,0.01,4.42,1.69,2.01
24.8,10151,79,169,100,13.6,12,530,100,100,100,100,0,0,0,0,0,0,0,0,75.13,3.05,4.15,1.61,1.92,0,0,52.6,0,0,-1,0.01,3.51,3.87,0.01,0.01,4.25,1.65,1.97
24.9,10135,79,169,100,13.45,12,530,100,100,100,100,0,0,0,0,0,0,0,0,74.02,3.04,4.18,1.61,1.88,0,0,52.8,0,0,-1,0.01,3.46,3.85,0.01,0.01,4.29,1.65,1.92
25,10197,79,169,100,13.59,12,530,100,100,100,100,0,0,0,0,0,0,0,0,74.75,3.09,3.93,1.64,1.9,0,0,52.6,0,0,-1,0.01,3.49,3.92,0.01,0.01,4.03,1.68,1.94
25.1,10132,79,169,100,13.4,12,530,100,100,100,100,0,0,1,0,0,0,0,0,74.38,3.02,4.09,1.65,1.92,0,0,52.7,0,0,-1,0.01,3.48,3.83,0.01,0.01,4.19,1.69,1.96
25.2,10174,79,169,100,13.48,12,530,100,100,100,100,0,0,1,0,0,0,0,0,74.4,3.05,3.92,1.65,1.86,0,0,52.8,0,0,-1,0.01,3.48,3.87,0.01,0.01,4.02,1.69,1.91
25.301,10126,79,169,100,13.4,12,530,100,100,100,100,0,0,0,0,0,0,0,0,75.05,3.11,4.33,1.65,1.8,0,0,52.7,0,0,-1,0.01,3.5,3.95,0.01,0.01,4.44,1.69,1.84
25.403,10112,79,169,100,13.61,12,530,100,100,100,100,0,0,0,0,0,0,0,0,73.84,3.09,4.09,1.63,1.89,0,0,53,0,0,-1,0.01,3.45,3.92,0.01,0.01,4.19,1.67,1.93
25.5,10017,79,169,100,13.68,12,530,100,100,100,100,0,0,1,0,0,0,0,0,74.32,3.05,4.16,1.64,1.99,0,0,52.3,0,0,-1,0.01,3.47,3.87,0.01,0.01,4.26,1.68,2.04
25.6,10094,79,169,100,13.44,12,530,100,100,100,100,0,0,0,0,0,0,0,0,74.13,2.99,3.97,1.65,1.94,0,0,52.3,0,0,-1,0.01,3.47,3.8,0.01,0.01,4.07,1.69,1.98
25.7,10058,79,169,100,13.4,12,530,100,100,100,100,0,0,0,0,0,0,0,0,74.52,2.99,4.16,1.64,2,0,0,52.6,0,0,-1,0.01,3.48,3.79,0.01,0.01,4.26,1.68,2.04
25.8,10042,79,169,100,13.43,12,530,100,100,100,100,0,0,1,0,0,0,0,0,74.17,3.11,4.27,1.64,2,0,0,52.3,0,0,-1,0.01,3.47,3.95,0.01,0.01,4.37,1.68,2.05
25.901,10028,79,169,100,13.68,12,530,100,100,100,100,0,0,1,0,0,0,0,0,73.97,3.09,3.66,1.6,1.88,0,0,52.5,0,0,-1,0.01,3.46,3.92,0.01,0.01,3.75,1.64,1.92
26.001,10273,79,169,100,13.46,12,530,100,100,100,100,0,0,1,0,0,0,0,0,73.9,2.86,4,1.61,1.83,0,0,53.9,0,0,-1,0.01,3.46,3.64,0.01,0.01,4.1,1.64,1.87
26.101,10002,79,169,100,13.56,11.9,530,100,100,100,100,0,0,0,0,0,0,0,0,74.38,3.17,3.89,1.65,1.98,0,0,52.3,0,0,-1,0.01,3.48,4.03,0.01,0.01,3.98,1.69,2.02
26.2,10017,79,169,100,13.63,12,530,100,100,100,100,0,0,1,0,0,0,0,0,73.4,3.04,4.08,1.65,1.85,0,0,52.1,0,0,-1,0.01,3.44,3.86,0.01,0.01,4.18,1.69,1.9
26.3,10022,79,169,100,13.39,12,530,100,100,100,100,0,0,0,0,0,0,0,0,73.84,2.94,4.25,1.61,2.04,0,0,51.7,0,0,-1,0.01,3.45,3.74,0.01,0.01,4.35,1.65,2.09
26.401,9988,79,169,100,13.63,12,530,100,100,100,100,0,0,0,0,0,0,0,0,74.27,3.13,4.23,1.62,1.86,0,0,51.6,0,0,-1,0.01,3.47,3.98,0.01,0.01,4.33,1.65,1.91
26.5,10037,79,169,100,13.37,12,530,100,100,100,100,0,0,0,0,0,0,0,0,74.84,3.17,4.26,1.65,1.91,0,0,51.9,0,0,-1,0.01,3.49,4.02,0.01,0.01,4.36,1.69,1.96
26.6,10098,79,169,100,13.6,12,530,100,100,100,100,0,0,0,0,0,0,0,0,73.77,3.1,4.14,1.65,2,0,0,52.5,0,0,-1,0.01,3.45,3.93,0.01,0.01,4.24,1.69,2.04
26.7,10049,79,169,100,13.54,12,530,100,100,100,100,0,0,1,0,0,0,0,0,74.63,2.97,4.06,1.64,1.9,0,0,52.3,0,0,-1,0.01,3.49,3.77,0.01,0.01,4.16,1.68,1.95
26.801,10040,79,169,100,13.52,12,530,100,100,100,100,0,0,1,0,0,0,0,0,73.72,3.01,4.38,1.65,1.98,0,0,52.1,0,0,-1,0.01,3.45,3.82,0.01,0.01,4.48,1.69,2.02
26.9,10107,79,169,100,13.45,12,530,100,100,100,100,0,0,0,0,0,0,0,0,74.38,3.07,4.09,1.67,1.87,0,0,52.3,0,0,-1,0.01,3.48,3.9,0.01,0.01,4.19,1.71,1.91
27,10167,79,169,100,13.41,12,530,100,100,100,100,0,0,1,0,0,0,0,0,73.65,3.07,4.09,1.62,1.84,0,0,52.4,0,0,-1,0.01,3.45,3.9,0.01,0.01,4.19,1.66,1.88
27.1,10060,79,169,100,13.41,12,530,100,100,100,100,0,0,0,0,0,0,0,0,74.52,3.24,4.13,1.63,1.92,0,0,52.2,0,0,-1,0.01,3.48,4.11,0.01,0.01,4.23,1.67,1.96
27.2,10094,79,169,100,13.37,11.9,530,100,100,100,100,0,0,0,0,0,0,0,0,73.7,3.06,4.07,1.65,1.88,0,0,52.6,0,0,-1,0.01,3.45,3.89,0.01,0.01,4.16,1.69,1.93
27.301,9993,79,169,100,13.68,11.9,530,100,100,100,100,0,0,0,0,0,0,0,0,74.57,2.97,4.02,1.64,1.95,0,0,52.6,0,0,-1,0.01,3.48,3.77,0.01,0.01,4.12,1.68,2
27.4,10082,79,169,100,13.46,12,530,100,100,100,100,0,0,0,0,0,0,0,0,73.88,3.12,4.25,1.62,1.86,0,0,52,0,0,-1,0.01,3.46,3.97,0.01,0.01,4.36,1.66,1.91
27.5,10110,79,169,100,13.6,12,530,100,100,100,100,0,0,0,0,0,0,0,0,73.97,3.16,4.41,1.64,1.94,0,0,51.9,0,0,-1,0.01,3.46,4.01,0.01,0.01,4.52,1.68,1.99
27.6,10174,79,169,0,12.73,12,530,100,100,100,100,0,0,1,0,0,0,0,0,73.3,3.07,4.1,1.66,1.91,0,0,51.8,0,0,-1,0.01,3.43,3.9,0.01,0.01,4.2,1.7,1.95
27.7,9437,79,169,0,9.94,12,530,100,100,100,100,0,0,0,0,0,0,0,0,73.57,2.76,4.55,1.63,1.91,0,0,49.1,0,0,-1,0.01,3.44,3.5,0.01,0.01,4.66,1.66,1.96
27.801,7742,79,169,0,8.72,12,530,100,100,100,100,0,0,0,0,0,0,0,0,73.13,3.18,4.04,1.63,1.76,0,0,43.2,0,0,-1,0.01,3.43,4.04,0.01,0.01,4.14,1.67,1.8
27.9,7997,79,169,0,8.57,12,530,100,100,100,100,0,0,1,0,0,0,0,0,73.55,3.03,4.41,1.66,1.77,0,0,38.8,0,0,-1,0.01,3.44,3.85,0.01,0.01,4.52,1.7,1.82
28,7911,79,169,0,8.13,12,530,100,100,100,100,0,0,1,0,0,0,0,0,73.15,3.16,3.79,1.69,1.83,0,0,40.6,0,0,-1,0.01,3.43,4.01,0.01,0.01,3.88,1.73,1.87
28.101,7966,79,169,0,8.02,12,530,100,100,100,100,0,0,0,0,0,0,0,0,72.88,3.08,4.18,1.66,1.79,0,0,42.9,0,0,-1,0.01,3.42,3.91,0.01,0.01,4.29,1.7,1.83
28.2,8237,79,169,0,7.9,12.1,530,100,100,100,100,0,0,0,0,0,0,0,0,70.8,3.07,4.47,1.67,1.79,0,0,42.6,0,0,-1,0.01,3.33,3.9,0.01,0.01,4.57,1.71,1.83
28.301,7681,79,169,0,7.87,12.1,530,100,100,100,100,0,0,0,0,0,0,0,0,65.82,3.04,4.37,1.63,1.81,0,0,43.1,0,0,-1,0.01,3.13,3.86,0.01,0.01,4.48,1.67,1.85
28.4,6766,79,169,0,8.48,12.1,530,100,100,100,100,0,0,1,0,0,0,0,0,61.88,3.23,4.63,1.63,2.01,0,0,41.6,0,0,-1,0.01,2.98,4.1,0.01,0.01,4.74,1.67,2.06
28.5,5834,79,169,7.2,9.4,12,530,100,100,100,100,0,0,0,0,0,0,0,0,54.3,3.07,4.63,1.66,2.09,0,0,41.3,0,0,-1,0.01,2.67,3.9,0.01,0.01,4.74,1.7,2.14
28.6,5800,79,169,1.2,10.42,12,530,100,100,100,100,0,0,0,0,0,0,0,0,49.84,3.11,4.67,1.64,2.12,0,0,39,0,0,-1,0.01,2.49,3.94,0.01,0.01,4.79,1.68,2.18
28.7,6143,79,169,0,10.5,12,530,100,100,100,100,0,0,0,0,0,0,0,0,53.97,3.21,4.56,1.63,1.96,0,0,37.6,0,0,-1,0.01,2.66,4.07,0.01,0.01,4.67,1.67,2.01
28.8,5337,79,169,0.9,10.72,12,530,100,100,100,100,0,0,0,0,0,0,0,0,48.15,3.19,4.72,1.67,1.95,0,0,38.5,0,0,-1,0.01,2.43,4.05,0.01,0.01,4.84,1.71,2
28.9,5257,79,169,0,11.42,12,530,100,100,100,100,0,0,0,0,0,0,0,0,45.9,3.08,4.71,1.65,2.12,0,0,36.8,0,0,-1,0.01,2.34,3.91,0.01,0.01,4.82,1.69,2.17
29,4632,79,169,0,11.66,12,530,100,100,100,100,0,0,1,0,0,0,0,0,41.07,3.03,4.75,1.64,2.13,0,0,35.9,0,0,-1,0.01,2.14,3.85,0.01,0.01,4.86,1.68,2.18
29.1,3967,79,169,7.1,12.12,12,530,100,100,100,100,0,0,0,0,0,0,0,0,33.92,3.18,4.51,1.65,2.08,0,0,30.3,0,0,-1,0.01,1.86,4.04,0.01,0.01,4.62,1.69,2.13
29.2,4258,79,169,3.8,12.57,12,530,100,100,100,100,0,0,1,0,0,0,0,0,32.59,3.15,4.6,1.68,2.13,0,0,34.4,0,0,-1,0.01,1.8,3.99,0.01,0.01,4.71,1.72,2.19
29.3,4861,79,169,0.2,12.57,12,530,100,100,100,100,0,0,0,0,0,0,0,0,38.57,3.05,4.63,1.69,2.09,0,0,33.5,0,0,-1,0.01,2.04,3.87,0.01,0.01,4.74,1.73,2.14
29.4,5545,79,169,0,12.07,12,530,100,100,100,100,0,0,0,0,0,0,0,0,44.75,2.74,4.09,1.7,2,0,0,32.7,0,0,-1,0.01,2.29,3.48,0.01,0.01,4.19,1.74,2.04
29.5,5773,79,169,0,11.29,12,530,100,100,100,100,0,0,1,0,0,0,0,0,49.42,3.01,4.73,1.68,2.09,0,0,32.6,0,0,-1,0.01,2.48,3.82,0.01,0.01,4.84,1.72,2.15
29.6,5026,79,169,0,11.41,12.1,530,100,100,100,100,0,0,1,0,0,0,0,0,44.45,3.14,4.76,1.6,2.02,0,0,31.1,0,0,-1,0.01,2.28,3.98,0.01,0.01,4.87,1.64,2.07
29.701,4279,79,169,6.7,11.96,12,530,100,100,100,100,0,0,0,0,0,0,0,0,37.5,3.1,4.74,1.61,2.12,0,0,30.6,0,0,-1,0.01,2,3.94,0.01,0.01,4.85,1.65,2.17
29.8,4135,79,169,0,12.6,12,530,100,100,100,100,0,0,0,0,0,0,0,0,33.38,3.24,4.73,1.63,2.03,0,0,28.7,0,0,-1,0.01,1.84,4.11,0.01,0.01,4.85,1.67,2.08
29.9,4447,79,169,3.7,12.6,12,530,100,100,100,100,0,0,1,0,0,0,0,0,36.4,3.1,4.8,1.62,2.12,0,0,28.3,0,0,-1,0.01,1.96,3.94,0.01,0.01,4.91,1.66,2.17
30,5066,79,167.2,2.7,12.47,12.1,530,100,100,100,100,0,0,0,0,0,0,0,0,41.07,3.07,4.74,1.61,1.97,0,0,26.5,0,0,-1,0.01,2.14,3.9,0.01,0.01,4.86,1.65,2.01
30.1,5788,79,167.2,0,11.99,12,530,100,100,100,100,0,0,1,0,0,0,0,0,47.59,3.09,4.56,1.63,2.1,0,0,26.6,0,0,-1,0.01,2.4,3.93,0.01,0.01,4.67,1.67,2.15
30.2,5601,79,167.2,0,11.21,12,530,100,100,100,100,0,0,0,0,0,0,0,0,51.97,3.07,4.75,1.64,2.09,0,0,25.9,0,0,-1,0.01,2.58,3.9,0.01,0.01,4.87,1.68,2.15
30.3,4887,79,167.2,0,11.53,12.1,530,100,100,100,100,0,0,0,0,0,0,0,0,43.9,3.12,4.7,1.59,2.09,0,0,25.2,0,0,-1,0.01,2.26,3.96,0.01,0.01,4.81,1.63,2.14
30.4,4132,79,167.2,8.1,12.02,12,530,100,100,100,100,0,0,0,0,0,0,0,0,36.57,3.17,4.76,1.57,2.13,0,0,24.1,0,0,-1,0.01,1.96,4.02,0.01,0.01,4.88,1.61,2.18
30.5,4410,79,167.2,4.7,12.6,12,530,100,100,100,100,0,0,1,0,0,0,0,0,35.65,3.17,4.79,1.57,2.13,0,0,23.3,0,0,-1,0.01,1.93,4.03,0.01,0.01,4.9,1.61,2.18
30.6,4834,79,167.2,5.7,12.51,12,530,100,100,100,100,0,0,0,0,0,0,0,0,40.25,3.17,4.78,1.53,2.02,0,0,22.3,0,0,-1,0.01,2.11,4.02,0.01,0.01,4.89,1.57,2.07
30.7,5709,79,167.2,0,12.01,12.1,530,100,100,100,100,0,0,0,0,0,0,0,0,49.47,3.19,4.7,1.48,1.98,0,0,21.5,0,0,-1,0.01,2.48,4.04,0.01,0.01,4.81,1.52,2.03
30.801,5938,79,167.2,0,11.13,12.1,530,100,100,100,100,0,0,0,0,0,0,0,0,57.42,3.19,4.64,1.44,2.01,0,0,20.6,0,0,-1,0.01,2.8,4.05,0.01,0.01,4.75,1.48,2.06
30.9,5175,79,167.2,0,11.11,12.1,530,100,100,100,100,0,0,1,0,0,0,0,0,50.2,3.15,4.78,1.34,2.02,0,0,19.8,0,0,-1,0.01,2.51,3.99,0.01,0.01,4.89,1.37,2.07
31.001,4423,79,167.2,7.6,11.75,12.1,530,100,100,100,100,0,0,0,0,0,0,0,0,42.55,3.18,4.8,1.32,2.11,0,0,19.3,0,0,-1,0.01,2.2,4.03,0.01,0.01,4.92,1.35,2.16
31.1,4062,79,167.2,0,12.49,12.1,530,100,100,100,100,0,0,0,0,0,0,0,0,35.9,3.18,4.81,1.32,2.14,0,0,18.4,0,0,-1,0.01,1.94,4.04,0.01,0.01,4.93,1.35,2.19
31.203,4129,79,167.2,5.2,12.52,12.1,530,100,100,100,100,0,0,1,0,0,0,0,0,37.47,3.12,4.8,1.34,2.14,0,0,18.3,0,0,-1,0.01,2,3.97,0.01,0.01,4.92,1.37,2.19
31.3,4535,79,167.2,5.2,12.57,12.1,530,100,100,100,100,0,0,1,0,0,0,0,0,38.67,3.2,4.63,1.34,2.1,0,0,17.9,0,0,-1,0.01,2.05,4.06,0.01,0.01,4.74,1.38,2.15
31.4,5065,79,167.2,3.2,12.44,12.1,530,100,100,100,100,0,0,1,0,0,0,0,0,46.2,3.18,4.66,1.36,1.99,0,0,17.7,0,0,-1,0.01,2.35,4.04,0.01,0.01,4.77,1.4,2.04
31.5,5961,79,167.2,0,11.88,12.1,530,100,100,100,100,0,0,0,0,0,0,0,0,55.84,3.2,4.61,1.41,2.04,0,0,17.3,0,0,-1,0.01,2.73,4.06,0.01,0.01,4.72,1.44,2.09
31.601,6250,79,167.2,0,10.94,12.1,530,100,100,100,100,0,0,0,0,0,0,0,0,66.32,3.18,4.45,1.43,2.1,0,0,17.2,0,0,-1,0.01,3.15,4.03,0.01,0.01,4.55,1.46,2.15
31.7,5501,79,167.2,0,10.8,12.1,530,100,100,100,100,0,0,0,0,0,0,0,0,58.22,3.14,4.79,1.42,2.11,0,0,17,0,0,-1,0.01,2.83,3.99,0.01,0.01,4.91,1.46,2.16
31.803,4668,79,167.2,0,11.51,12.1,530,100,100,100,100,0,0,1,0,0,0,0,0,47.34,3.16,4.72,1.43,2.06,0,0,16.8,0,0,-1,0.01,2.39,4.01,0.01,0.01,4.84,1.46,2.11
31.901,3963,79,167.2,6.2,12,12.1,530,100,100,100,100,0,0,0,0,0,0,0,0,37.65,3.14,4.81,1.42,2.14,0,0,16.4,0,0,-1,0.01,2.01,3.98,0.01,0.01,4.92,1.45,2.19
32,3950,79,167.2,0.5,12.65,12.1,530,100,100,100,100,0,0,0,0,0,0,0,0,31.77,3.16,4.81,1.4,2.13,0,0,16.1,0,0,-1,0.01,1.77,4.01,0.01,0.01,4.93,1.44,2.19
32.1,3963,79,167.2,2.7,12.54,12.1,530,100,100,100,100,0,0,0,0,0,0,0,0,36.38,3.15,4.79,1.38,2.14,0,0,15.9,0,0,-1,0.01,1.96,4,0.01,0.01,4.91,1.41,2.19
32.2,3949,79,167.2,0,12.76,12.1,530,100,100,100,100,0,0,1,0,0,0,0,0,33.27,3.14,4.81,1.32,2.14,0,0,15.4,0,0,-1,0.01,1.83,3.98,0.01,0.01,4.93,1.36,2.19
32.3,4115,79,167.2,3.6,12.52,12.1,530,100,100,100,100,0,0,0,0,0,0,0,0,37.67,3.17,4.79,1.32,2.14,0,0,15.1,0,0,-1,0.01,2.01,4.02,0.01,0.01,4.91,1.35,2.19
32.4,4170,79,167.2,0,12.77,12.1,530,100,100,100,100,0,0,0,0,0,0,0,0,36.07,3.16,4.81,1.32,2.13,0,0,14.9,0,0,-1,0.01,1.94,4.01,0.01,0.01,4.92,1.35,2.18
32.5,4505,79,167.2,2.4,12.52,12.1,530,100,100,100,100,0,0,0,0,0,0,0,0,41.27,3.18,4.8,1.33,2.11,0,0,14.8,0,0,-1,0.01,2.15,4.03,0.01,0.01,4.92,1.36,2.16
32.6,4916,79,167.2,0,12.64,12.1,530,100,100,100,100,0,0,0,0,0,0,0,0,46.95,3.17,4.64,1.36,2.08,0,0,14.6,0,0,-1,0.01,2.38,4.02,0.01,0.01,4.75,1.39,2.13
32.7,5481,79,167.2,53.6,13.87,12.1,530,100,100,100,100,0,0,0,0,0,0,0,0,53.65,3.14,4.55,1.36,1.99,0,0,14.4,0,0,-1,0.01,2.65,3.99,0.01,0.01,4.66,1.39,2.04
32.8,7171,79,167.2,0,12.96,12.1,530,100,100,100,100,0,0,0,0,0,0,0,0,70.05,3.18,4.14,1.37,1.97,0,0,14,0,0,-1,0.01,3.3,4.04,0.01,0.01,4.24,1.41,2.02
32.9,6976,79,167.2,0,10.44,12.1,530,100,100,100,100,0,0,0,0,0,0,0,0,72.63,3.18,4.39,1.4,2.03,0,0,14.1,0,0,-1,0.01,3.41,4.04,0.01,0.01,4.5,1.43,2.08
33,6423,79,167.2,4.8,10.28,12,530,100,100,100,100,0,0,0,0,0,0,0,0,67.34,3.16,4.38,1.42,1.94,0,0,14,0,0,-1,0.01,3.19,4.01,0.01,0.01,4.48,1.45,1.99
33.1,6892,79,167.2,2.7,10.12,12,530,100,100,100,100,0,0,0,0,0,0,0,0,71.42,3.16,4.13,1.45,1.98,0,0,13.9,0,0,-1,0.01,3.36,4.01,0.01,0.01,4.23,1.48,2.02
33.201,7124,79,167.2,2.8,9.67,12,530,100,100,100,100,0,0,0,0,0,0,0,0,72.22,3.13,4.27,1.46,1.99,0,0,13.9,0,0,-1,0.01,3.39,3.97,0.01,0.01,4.37,1.49,2.04
33.3,7031,79,167.2,2.8,9.31,12,530,100,100,100,100,0,0,0,0,0,0,0,0,72.22,3.15,4.13,1.46,1.97,0,0,13.6,0,0,-1,0.01,3.39,4,0.01,0.01,4.23,1.49,2.02
33.4,6816,79,167.2,3.8,9.3,12,530,100,100,100,100,0,0,1,0,0,0,0,0,71.9,3.16,4.34,1.46,2.07,0,0,13.7,0,0,-1,0.01,3.38,4,0.01,0.01,4.45,1.49,2.12
33.5,6486,79,167.2,5.1,9.49,12.1,530,100,100,100,100,0,0,1,0,0,0,0,0,68.65,3.14,4.19,1.48,2.01,0,0,13.4,0,0,-1,0.01,3.25,3.99,0.01,0.01,4.29,1.52,2.06
33.603,6155,79,167.2,6.6,9.89,12.1,530,100,100,100,100,0,0,0,0,0,0,0,0,67.07,3.11,4.41,1.49,1.97,0,0,13.7,0,0,-1,0.01,3.18,3.95,0.01,0.01,4.52,1.53,2.02
33.701,5965,79,167.2,6.4,10.25,12.1,530,100,100,100,100,0,0,0,0,0,0,0,0,63.47,3.15,4.63,1.5,2.09,0,0,13.2,0,0,-1,0.01,3.04,3.99,0.01,0.01,4.75,1.54,2.14
33.803,5861,79,167.2,2.3,10.57,12.1,530,100,100,100,100,0,0,0,0,0,0,0,0,61.63,3.19,4.65,1.56,2.03,0,0,13.5,0,0,-1,0.01,2.97,4.05,0.01,0.01,4.76,1.6,2.08
33.9,6111,79,167.2,0,10.76,12.1,530,100,100,100,100,0,0,1,0,0,0,0,0,63.02,2.98,4.45,1.63,2.12,0,0,13.6,0,0,-1,0.01,3.02,3.78,0.01,0.01,4.56,1.67,2.17
34,6573,79,167.2,2.8,10.32,12.1,530,100,100,100,100,0,0,0,0,0,0,0,0,68.95,2.83,4.23,1.63,1.9,0,0,13.4,0,0,-1,0.01,3.26,3.59,0.01,0.01,4.34,1.67,1.95
34.1,6983,79,167.2,1.1,10,12.1,530,100,100,100,100,0,0,0,0,0,0,0,0,71.42,3.28,4.24,1.63,2,0,0,13.1,0,0,-1,0.01,3.36,4.16,0.01,0.01,4.34,1.67,2.05
34.201,7536,79,167.2,2.3,9.37,12.1,530,100,100,100,100,0,0,1,0,0,0,0,0,72.9,3.09,4.32,1.65,1.99,0,0,13.4,0,0,-1,0.01,3.42,3.92,0.01,0.01,4.43,1.69,2.04
34.302,7712,79,167.2,5.2,8.73,12.1,530,100,100,100,100,0,0,1,0,0,0,0,0,73.5,3.04,4.07,1.57,1.72,0,0,12.8,0,0,-1,0.01,3.44,3.86,0.01,0.01,4.17,1.61,1.76
34.4,7593,78.8,167.2,2.2,8.47,12.1,530,100,100,100,100,0,0,0,0,0,0,0,0,73.25,3.19,4.21,1.57,1.86,0,0,12.5,0,0,-1,0.01,3.43,4.05,0.01,0.01,4.31,1.61,1.91
34.501,7339,78.8,167.2,0.3,8.54,12.1,530,100,100,100,100,0,0,1,0,0,0,0,0,72.67,3.23,4.39,1.59,1.95,0,0,12.7,0,0,-1,0.01,3.41,4.1,0.01,0.01,4.49,1.63,1.99
34.6,7528,77.2,167.2,1.9,8.64,12.2,530,100,100,100,100,0,0,0,0,0,0,0,0,72.75,3.05,4.22,1.6,1.81,0,0,12.6,0,0,-1,0.01,3.41,3.88,0.01,0.01,4.32,1.64,1.86
34.701,7683,77.2,167.2,0.6,8.54,12.2,530,100,100,100,100,0,0,1,0,0,0,0,0,72.8,3.02,4.19,1.61,1.79,0,0,12.4,0,0,-1,0.01,3.41,3.84,0.01,0.01,4.29,1.65,1.83
34.802,7634,77.2,167.2,2.3,8.35,12.1,530,100,100,100,100,0,0,0,0,0,0,0,0,73.05,3.24,4.26,1.62,1.88,0,0,12.4,0,0,-1,0.01,3.42,4.12,0.01,0.01,4.37,1.66,1.92
34.9,7332,77.2,167.2,0.9,8.38,12.2,530,100,100,100,100,0,0,1,0,0,0,0,0,72.27,3.07,4.35,1.62,1.99,0,0,12.5,0,0,-1,0.01,3.39,3.9,0.01,0.01,4.46,1.66,2.04
35,7380,77.2,167.2,0,8.71,12.3,530,100,100,100,100,0,0,0,0,0,0,0,0,72.3,2.98,4.26,1.6,1.88,0,0,12,0,0,-1,0.01,3.39,3.79,0.01,0.01,4.36,1.64,1.93
35.1,7181,77.2,167.2,0,8.58,12.3,530,100,100,100,100,0,0,0,0,0,0,0,0,72.02,3.17,4.42,1.6,2.01,0,0,12,0,0,-1,0.01,3.38,4.03,0.01,0.01,4.52,1.63,2.06
35.2,6274,77.2,167.2,3.2,9.07,12.3,530,100,100,100,100,0,0,1,0,0,0,0,0,67.84,3.25,4.48,1.63,2.11,0,0,12.1,0,0,-1,0.01,3.21,4.12,0.01,0.01,4.59,1.67,2.16
35.3,6325,77.2,167.2,2.3,9.92,12.3,530,100,100,100,100,0,0,0,0,0,0,0,0,65.7,2.93,4.16,1.59,2.12,0,0,11.8,0,0,-1,0.01,3.13,3.72,0.01,0.01,4.26,1.63,2.17
35.402,6571,77.2,167.2,2.1,9.95,12.3,530,100,100,100,100,0,0,0,0,0,0,0,0,67.02,3.11,4.16,1.53,1.98,0,0,11.4,0,0,-1,0.01,3.18,3.95,0.01,0.01,4.26,1.56,2.03
35.501,6680,77.2,167.2,1,9.81,12.3,530,100,100,100,100,0,0,0,0,0,0,0,0,69.2,3.3,4.34,1.6,2.04,0,0,11.2,0,0,-1,0.01,3.27,4.19,0.01,0.01,4.45,1.64,2.09
35.6,7131,77.2,167.2,0,9.72,12.3,530,100,100,100,100,0,0,1,0,0,0,0,0,71.34,3,4.28,1.61,2.03,0,0,11.6,0,0,-1,0.01,3.35,3.81,0.01,0.01,4.39,1.64,2.08
35.7,6949,77.2,167.2,0.1,9.21,12.3,530,100,100,100,100,0,0,1,0,0,0,0,0,70.67,2.78,4.26,1.63,2.07,0,0,11.1,0,0,-1,0.01,3.33,3.53,0.01,0.01,4.36,1.66,2.12
35.801,5996,77.2,167.2,5.6,9.56,12.3,530,100,100,100,100,0,0,0,0,0,0,0,0,64.45,2.5,4.47,1.65,2.12,0,0,11.1,0,0,-1,0.01,3.08,3.18,0.01,0.01,4.58,1.69,2.17
35.9,6245,77.2,167.2,1.5,10.31,12.4,530,100,100,100,100,0,0,0,0,0,0,0,0,64,2.26,4.34,1.65,1.98,0,0,11.2,0,0,-1,0.01,3.06,2.87,0.01,0.01,4.44,1.69,2.02
36,6716,77.2,167.2,2,10.03,12.4,530,100,100,100,100,0,0,0,0,0,0,0,0,67.55,2.62,4.09,1.66,1.98,0,0,11,0,0,-1,0.01,3.2,3.32,0.01,0.01,4.19,1.7,2.02
36.101,7202,77.2,167.2,0,9.62,12.4,530,100,100,100,100,0,0,0,0,0,0,0,0,71.4,3.01,4.41,1.66,2.02,0,0,10.9,0,0,-1,0.01,3.36,3.83,0.01,0.01,4.52,1.7,2.07
36.2,6376,77.2,167.2,0.8,9.38,12.3,530,100,100,100,100,0,0,0,0,0,0,0,0,67.5,2.96,4.13,1.67,2.06,0,0,10.9,0,0,-1,0.01,3.2,3.75,0.01,0.01,4.23,1.71,2.11
36.3,6258,78.8,167.2,3.4,10.11,12.3,530,100,100,100,100,0,0,0,0,0,0,0,0,63.38,2.93,4.36,1.67,2.04,0,0,10.7,0,0,-1,0.01,3.04,3.71,0.01,0.01,4.46,1.71,2.09
36.4,6537,79,167.2,1,10.18,12.4,530,100,100,100,100,0,0,0,0,0,0,0,0,66.22,3.06,4.22,1.67,2.03,0,0,10.4,0,0,-1,0.01,3.15,3.89,0.01,0.01,4.33,1.71,2.08
36.5,6842,79,167.2,0.1,9.87,12.4,530,100,100,100,100,0,0,0,0,0,0,0,0,69.7,2.99,4.34,1.66,2.05,0,0,10,0,0,-1,0.01,3.29,3.79,0.01,0.01,4.45,1.7,2.1
36.6,6105,79,167.2,4.4,9.79,12.4,530,100,100,100,100,0,0,1,0,0,0,0,0,65.3,3.11,4.48,1.66,2.13,0,0,9.4,0,0,-1,0.01,3.11,3.95,0.01,0.01,4.59,1.7,2.18
36.7,6345,79,167.2,0.7,10.39,12.4,530,100,100,100,100,0,0,0,0,0,0,0,0,64.57,3.12,4.43,1.65,2.04,0,0,8.9,0,0,-1,0.01,3.08,3.96,0.01,0.01,4.53,1.69,2.09
36.8,6653,79,167.2,1.1,9.94,12.4,530,100,100,100,100,0,0,1,0,0,0,0,0,69,3.15,4.14,1.66,2.05,0,0,8.3,0,0,-1,0.01,3.26,4,0.01,0.01,4.24,1.7,2.1
36.9,6818,79,167.2,0,9.88,12.4,530,100,100,100,100,0,0,1,0,0,0,0,0,68.02,3.1,4.15,1.66,2.01,0,0,8.1,0,0,-1,0.01,3.22,3.94,0.01,0.01,4.25,1.7,2.06
37,6965,79,167.2,0,9.38,12.4,530,100,100,100,100,0,0,0,0,0,0,0,0,70.09,3.08,4.38,1.67,2.03,0,0,7.7,0,0,-1,0.01,3.3,3.92,0.01,0.01,4.49,1.71,2.08
37.101,6041,79,167.2,4.3,9.62,12.4,530,100,100,100,100,0,0,0,0,0,0,0,0,60.57,2.97,4.47,1.67,2.14,0,0,7.6,0,0,-1,0.01,2.92,3.77,0.01,0.01,4.57,1.71,2.19
37.2,5925,79,167.2,0,10.47,12.4,530,100,100,100,100,0,0,0,0,0,0,0,0,53.97,2.98,4.59,1.67,2.13,0,0,7,0,0,-1,0.01,2.66,3.78,0.01,0.01,4.7,1.71,2.18
37.301,5880,79,167.2,1.9,10.31,12.4,530,100,100,100,100,0,0,0,0,0,0,0,0,53.25,2.81,4.62,1.68,2.09,0,0,6.5,0,0,-1,0.01,2.63,3.56,0.01,0.01,4.73,1.72,2.15
37.4,6027,79,168.8,0,10.77,12.4,530,100,100,100,100,0,0,1,0,0,0,0,0,52.88,3.12,4.47,1.68,1.99,0,0,6,0,0,-1,0.01,2.62,3.96,0.01,0.01,4.58,1.72,2.04
37.5,5631,79,169,0.2,10.59,12.5,530,100,100,100,100,0,0,0,0,0,0,0,0,53.27,3.04,4.65,1.68,1.96,0,0,5.8,0,0,-1,0.01,2.63,3.86,0.01,0.01,4.76,1.72,2
37.6,4974,79,169,4.1,11.28,12.4,530,100,100,100,100,0,0,1,0,0,0,0,0,47.2,2.91,4.62,1.68,2.06,0,0,5.3,0,0,-1,0.01,2.39,3.69,0.01,0.01,4.73,1.72,2.11
37.7,5267,79,169,0,11.83,12.5,530,100,100,100,100,0,0,0,0,0,0,0,0,48.32,2.85,4.57,1.68,1.99,0,0,5.1,0,0,-1,0.01,2.43,3.62,0.01,0.01,4.68,1.72,2.04
37.8,4733,79,169,0,11.65,12.5,530,100,100,100,100,0,0,0,0,0,0,0,0,43.97,2.92,4.7,1.68,2.12,0,0,4.8,0,0,-1,0.01,2.26,3.71,0.01,0.01,4.82,1.72,2.17
37.9,4017,79,169,9.3,12.07,12.4,530,100,100,100,100,0,0,1,0,0,0,0,0,35.45,3.12,4.74,1.68,2.13,0,0,4.1,0,0,-1,0.01,1.92,3.96,0.01,0.01,4.85,1.72,2.19
38,3796,79,169,6.6,12.62,12.4,530,100,100,100,100,0,0,1,0,0,0,0,0,30.77,3.13,4.78,1.69,2.14,0,0,3.6,0,0,-1,0.01,1.73,3.97,0.01,0.01,4.89,1.73,2.19
38.1,4439,79,169,9.1,12.58,12.4,530,100,100,100,100,0,0,0,0,0,0,0,0,37.63,3.12,4.79,1.69,2.14,0,0,3.6,0,0,-1,0.01,2.01,3.96,0.01,0.01,4.91,1.73,2.19
38.2,5061,79,169,7.7,12.38,12.3,530,100,100,100,100,0,0,0,0,0,0,0,0,45.3,2.94,4.67,1.68,2.01,0,0,3.1,0,0,-1,0.01,2.31,3.73,0.01,0.01,4.78,1.72,2.06
38.3,5683,79,169,0,11.89,12.3,530,100,100,100,100,0,0,0,0,0,0,0,0,52.57,2.99,4.67,1.69,2.12,0,0,2.7,0,0,-1,0.01,2.6,3.79,0.01,0.01,4.78,1.73,2.17
38.402,6001,79,169,0,11.13,12.3,530,100,100,100,100,0,0,1,0,0,0,0,0,59.45,2.78,4.6,1.69,2.03,0,0,2.3,0,0,-1,0.01,2.88,3.53,0.01,0.01,4.71,1.73,2.08
38.5,5210,79,169,0,11.02,12.3,530,100,100,100,100,0,0,0,0,0,0,0,0,51.32,2.75,4.71,1.69,2.09,0,0,2.3,0,0,-1,0.01,2.55,3.49,0.01,0.01,4.83,1.73,2.14
38.6,4466,79,169,2.7,11.67,12.3,530,100,100,100,100,0,0,1,0,0,0,0,0,43.4,2.69,4.76,1.69,2.14,0,0,1.8,0,0,-1,0.01,2.24,3.41,0.01,0.01,4.87,1.73,2.19
38.7,4359,79,169,9.9,12.3,12.3,530,100,100,100,100,0,0,0,0,0,0,0,0,39.05,3.1,4.79,1.69,2.14,0,0,1.8,0,0,-1,0.01,2.06,3.93,0.01,0.01,4.9,1.73,2.19
38.8,4674,79,169,8.9,12.49,12.3,530,100,100,100,100,0,0,0,0,0,0,0,0,41.67,2.98,4.74,1.69,2.14,0,0,1.8,0,0,-1,0.01,2.17,3.78,0.01,0.01,4.85,1.73,2.19
38.9,5163,79,169,7.4,12.29,12.3,530,100,100,100,100,0,0,0,0,0,0,0,0,47.65,2.67,4.57,1.69,2,0,0,1.8,0,0,-1,0.01,2.41,3.39,0.01,0.01,4.68,1.73,2.05
39,5689,79,169,0,11.86,12.3,530,100,100,100,100,0,0,1,0,0,0,0,0,54.77,2.83,4.71,1.69,2.13,0,0,1,0,0,-1,0.01,2.69,3.59,0.01,0.01,4.82,1.73,2.19
39.1,6078,79,169,0,11.07,12.3,530,100,100,100,100,0,0,1,0,0,0,0,0,62.55,2.54,4.53,1.69,2.07,0,0,1,0,0,-1,0.01,3,3.22,0.01,0.01,4.64,1.73,2.12
39.2,5305,79,169,0,11,12.3,530,100,100,100,100,0,0,1,0,0,0,0,0,54.09,2.29,4.77,1.68,2.13,0,0,1,0,0,-1,0.01,2.66,2.9,0.01,0.01,4.89,1.72,2.18
39.3,4800,79,169,1.4,11.79,12.3,530,100,100,100,100,0,0,1,0,0,0,0,0,45.82,2.35,4.71,1.68,2.13,0,0,1,0,0,-1,0.01,2.33,2.98,0.01,0.01,4.82,1.72,2.19
39.402,4876,79,169,9.8,12.28,12.3,530,100,100,100,100,0,0,1,0,0,0,0,0,45.77,2.12,4.69,1.68,2.11,0,0,1,0,0,-1,0.01,2.33,2.69,0.01,0.01,4.8,1.72,2.16
39.5,5113,79,169,9.1,12.22,12.3,530,100,100,100,100,0,0,1,0,0,0,0,0,47.95,1.91,4.67,1.68,2.08,0,0,1,0,0,-1,0.01,2.42,2.43,0.01,0.01,4.78,1.73,2.13
39.6,4401,79,169,11.5,12.38,12.2,530,100,100,100,100,0,0,1,0,0,0,0,0,42.82,1.73,4.77,1.69,2.14,0,0,1,0,0,-1,0.01,2.21,2.2,0.01,0.01,4.89,1.73,2.19
39.701,2869,79,169,6.5,13.02,12.2,530,100,100,100,100,0,0,0,0,0,0,0,0,26.65,2.92,4.74,1.69,2.14,0,0,1,0,0,-1,0.01,1.57,3.71,0.01,0.01,4.86,1.73,2.19
39.8,2251,79,169,0,14.21,11.5,530,100,100,100,100,0,0,1,0,0,0,0,0,7.65,2.62,4.81,1.68,2.14,0,0,0.4,0,0,-1,0.01,0.81,3.33,0.01,0.01,4.93,1.72,2.19
39.9,2251,79,169,1.3,14.39,11.3,530,100,100,100,100,0,0,0,0,0,0,0,0,1.5,3.13,4.79,1.68,2.14,0,0,0.4,0,0,-1,0.01,0.56,3.97,0.01,0.01,4.91,1.73,2.19
40,2251,79,169,0.9,14.39,11.2,530,100,100,100,100,0,0,1,0,0,0,0,0,1.17,3.18,4.81,1.69,2.14,0,0,1.9,0,0,-1,0.01,0.55,4.03,0.01,0.01,4.93,1.73,2.19
40.1,2251,79,169,2.5,14.39,11.2,530,100,100,100,100,0,0,0,0,0,0,0,0,1.17,3.15,4.81,1.69,2.14,0,0,1.9,0,0,-1,0.01,0.55,3.99,0.01,0.01,4.93,1.73,2.19
40.2,2251,79,169,2.7,14.42,11.1,530,100,100,100,100,0,0,0,0,0,0,0,0,1.05,3.14,4.81,1.69,2.14,0,0,1.9,0,0,-1,0.01,0.54,3.98,0.01,0.01,4.93,1.73,2.19
40.3,2251,79,169,2.1,14.39,11.1,530,100,100,100,100,0,0,0,0,0,0,0,0,1.09,3.09,4.81,1.69,2.14,0,0,1.9,0,0,-1,0.01,0.54,3.92,0.01,0.01,4.93,1.73,2.19
40.4,2251,79,169,1.7,14.39,11.1,530,100,100,100,100,0,0,0,0,0,0,0,0,1.09,3.11,4.81,1.68,2.14,0,0,1.9,0,0,-1,0.01,0.54,3.95,0.01,0.01,4.93,1.72,2.19
40.5,2251,79,169,2.2,14.42,11.1,530,100,100,100,100,0,0,0,0,0,0,0,0,1.05,3.08,4.81,1.68,2.14,0,0,1.9,0,0,-1,0.01,0.54,3.9,0.01,0.01,4.93,1.72,2.19
40.6,2251,79,170.8,2.3,14.39,11.1,530,100,100,100,100,0,0,0,0,0,0,0,0,1.05,2.93,4.81,1.68,2.14,0,0,1.9,0,0,-1,0.01,0.54,3.72,0.01,0.01,4.93,1.72,2.19
40.7,2251,79,170.8,2.6,14.39,11.1,530,100,100,100,100,0,0,0,0,0,0,0,0,1.05,3.13,4.81,1.68,2.14,0,0,1.9,0,0,-1,0.01,0.54,3.97,0.01,0.01,4.93,1.72,2.19
40.8,2251,79,170.8,2.6,14.39,11.1,530,100,100,100,100,0,0,0,0,0,0,0,0,1.05,2.95,4.81,1.68,2.14,0,0,1.9,0,0,-1,0.01,0.54,3.74,0.01,0.01,4.93,1.73,2.19
40.9,2251,79,170.8,2.6,14.39,11.1,530,100,100,100,100,0,0,0,0,0,0,0,0,1.05,2.92,4.81,1.68,2.14,0,0,1.9,0,0,-1,0.01,0.54,3.71,0.01,0.01,4.93,1.72,2.19
41,2251,79,170.8,2.1,14.39,11,530,100,100,100,100,0,0,0,0,0,0,0,0,1.05,2.62,4.81,1.68,2.14,0,0,1.9,0,0,-1,0.01,0.54,3.33,0.01,0.01,4.93,1.73,2.19
41.1,2251,79,170.8,2.4,14.39,11,530,100,100,100,100,0,0,0,0,0,0,0,0,1.05,3.13,4.81,1.68,2.14,0,0,1.9,0,0,-1,0.01,0.54,3.97,0.01,0.01,4.93,1.72,2.19
41.2,2251,79,170.8,2.4,14.39,11,530,100,100,100,100,0,0,0,0,0,0,0,0,1.02,3.12,4.81,1.68,2.14,0,0,1.9,0,0,-1,0.01,0.54,3.96,0.01,0.01,4.93,1.72,2.19
41.3,2251,79,170.8,2.5,14.39,11,530,100,100,100,100,0,0,0,0,0,0,0,0,1.05,3.13,4.81,1.68,2.14,0,0,1.9,0,0,-1,0.01,0.54,3.97,0.01,0.01,4.93,1.73,2.19
41.4,2251,79,170.8,2.6,14.39,11,530,100,100,100,100,0,0,0,0,0,0,0,0,1.05,3.13,4.81,1.68,2.14,0,0,1.9,0,0,-1,0.01,0.54,3.97,0.01,0.01,4.93,1.73,2.19
41.5,2251,79,170.8,2.6,14.39,11,530,100,100,100,100,0,0,0,0,0,0,0,0,1.05,3.13,4.81,1.68,2.14,0,0,1.9,0,0,-1,0.01,0.54,3.97,0.01,0.01,4.93,1.73,2.19
41.6,2251,79,170.8,2.5,14.39,11,530,100,100,100,100,0,0,0,0,0,0,0,0,1.05,3.13,4.81,1.68,2.14,0,0,1.9,0,0,-1,0.01,0.54,3.97,0.01,0.01,4.93,1.73,2.19
41.7,0,79,170.8,2.3,14.39,11.8,530,100,100,100,100,0,0,0,0,0,0,0,0,1.05,3.12,4.81,1.68,2.14,0,0,1.9,0,0,-1,0.01,0.54,3.96,0.01,0.01,4.93,1.73,2.19
41.8,0,79,170.8,2.6,14.39,11.8,530,100,100,100,100,0,0,0,0,0,0,0,0,1.02,3.13,4.81,1.68,2.14,0,0,1.9,0,0,-1,0.01,0.54,3.97,0.01,0.01,4.93,1.73,2.19
41.9,0,79,170.8,2.6,14.39,11.8,530,100,100,100,100,0,0,0,0,0,0,0,0,1.02,3.13,4.81,1.68,2.14,0,0,1.9,0,0,-1,0.01,0.54,3.97,0.01,0.01,4.93,1.73,2.19
42,0,79,170.8,2.7,14.42,11.8,530,100,100,100,100,0,0,0,0,0,0,0,0,0.97,3.13,4.81,1.68,2.14,0,0,0.1,0,0,-1,0.01,0.54,3.97,0.01,0.01,4.93,1.73,2.19
42.1,0,79,170.8,2.9,14.39,11.8,530,100,100,100,100,0,0,0,0,0,0,0,0,1.02,3.13,4.81,1.68,2.14,0,0,0.1,0,0,-1,0.01,0.54,3.97,0.01,0.01,4.93,1.72,2.19
42.2,0,79,170.8,2.9,14.39,11.8,530,100,100,100,100,0,0,0,0,0,0,0,0,0.97,3.13,4.81,1.68,2.14,0,0,0.1,0,0,-1,0.01,0.54,3.97,0.01,0.01,4.93,1.73,2.19
42.3,0,79,170.8,2.9,14.39,11.8,530,100,100,100,100,0,0,0,0,0,0,0,0,1.05,3.13,4.81,1.68,2.14,0,0,0.1,0,0,-1,0.01,0.54,3.97,0.01,0.01,4.93,1.73,2.19
42.4,0,79,170.8,2.9,14.39,11.8,530,100,100,100,100,0,0,0,0,0,0,0,0,1.02,3.13,4.81,1.68,2.14,0,0,0.1,0,0,-1,0.01,0.54,3.97,0.01,0.01,4.93,1.73,2.19
42.5,0,79,170.8,2.9,14.39,11.8,530,100,100,100,100,0,0,0,0,0,0,0,0,0.97,3.13,4.81,1.68,2.14,0,0,0.1,0,0,-1,0.01,0.54,3.97,0.01,0.01,4.93,1.73,2.19
42.6,0,79,170.8,2.9,14.39,11.9,530,100,100,100,100,0,0,0,0,0,0,0,0,1,3.13,4.81,1.68,2.14,0,0,0.1,0,0,-1,0.01,0.54,3.97,0.01,0.01,4.93,1.73,2.19
42.7,0,79,170.8,2.8,14.39,11.9,530,100,100,100,100,0,0,0,0,0,0,0,0,0.95,3.13,4.81,1.68,2.14,0,0,0.1,0,0,-1,0.01,0.54,3.97,0.01,0.01,4.93,1.73,2.19
42.8,0,79,170.8,2.5,14.39,11.9,530,100,100,100,100,0,0,0,0,0,0,0,0,0.97,3.13,4.81,1.68,2.14,0,0,0.1,0,0,-1,0.01,0.54,3.97,0.01,0.01,4.93,1.73,2.19
42.9,0,79,170.8,2.1,14.39,11.9,530,100,100,100,100,0,0,0,0,0,0,0,0,0.92,3.13,4.81,1.68,2.14,0,0,0.1,0,0,-1,0.01,0.54,3.97,0.01,0.01,4.93,1.73,2.19
43,0,79,170.8,1.7,14.39,11.9,530,100,100,100,100,0,0,0,0,0,0,0,0,0.97,3.13,4.81,1.68,2.14,0,0,0.1,0,0,-1,0.01,0.54,3.97,0.01,0.01,4.93,1.73,2.19
43.1,0,79,170.8,2.1,14.39,11.9,530,100,100,100,100,0,0,0,0,0,0,0,0,0.97,3.1,4.81,1.68,2.14,0,0,0.1,0,0,-1,0.01,0.54,3.94,0.01,0.01,4.93,1.73,2.19
43.2,0,79,170.8,2.4,14.39,11.9,530,100,100,100,100,0,0,0,0,0,0,0,0,0.95,3.12,4.81,1.68,2.14,0,0,0.1,0,0,-1,0.01,0.54,3.97,0.01,0.01,4.93,1.73,2.19
43.3,0,79,170.8,0.7,14.39,12,530,100,100,100,100,0,0,0,0,0,0,0,0,0.95,3.13,4.81,1.68,2.14,0,0,0.1,0,0,-1,0.01,0.54,3.97,0.01,0.01,4.93,1.73,2.19
43.4,0,79,170.8,0,14.39,12,530,100,100,100,100,0,0,0,0,0,0,0,0,0.95,3.13,4.81,1.68,2.14,0,0,0.1,0,0,-1,0.01,0.54,3.97,0.01,0.01,4.93,1.73,2.19
43.5,0,79,170.8,0.5,14.39,12,530,100,100,100,100,0,0,0,0,0,0,0,0,1,3.13,4.81,1.68,2.14,0,0,0.1,0,0,-1,0.01,0.54,3.97,0.01,0.01,4.93,1.73,2.19
43.6,0,79,170.8,1.3,14.39,12,530,100,100,100,100,0,0,0,0,0,0,0,0,1,3.09,4.81,1.68,2.14,0,0,0.1,0,0,-1,0.01,0.54,3.92,0.01,0.01,4.93,1.73,2.19
43.7,0,79,172.5,1.7,14.42,12,530,100,100,100,100,0,0,0,0,0,0,0,0,0.92,2.97,4.81,1.68,2.14,0,0,0.1,0,0,-1,0.01,0.54,3.78,0.01,0.01,4.93,1.73,2.19
43.8,0,79,172.5,2,14.39,12,530,100,100,100,100,0,0,0,0,0,0,0,0,0.92,2.67,4.81,1.68,2.14,0,0,0.1,0,0,-1,0.01,0.54,3.39,0.01,0.01,4.93,1.73,2.19
43.9,0,79,172.5,2.1,14.39,12,530,100,100,100,100,0,0,0,0,0,0,0,0,0.92,2.41,4.81,1.68,2.14,0,0,0.1,0,0,-1,0.01,0.54,3.05,0.01,0.01,4.93,1.73,2.19
44,0,79,172.5,2.1,14.39,12,530,100,100,100,100,0,0,0,0,0,0,0,0,0.92,2.17,4.81,1.68,2.14,0,0,0.1,0,0,-1,0.01,0.54,2.76,0.01,0.01,4.93,1.73,2.19
44.1,0,79,172.5,2.1,14.39,12,530,100,100,100,100,0,0,0,0,0,0,0,0,0.92,1.96,4.81,1.68,2.14,0,0,0.1,0,0,-1,0.01,0.54,2.49,0.01,0.01,4.93,1.73,2.19
44.2,0,79,172.5,2.1,14.39,12,530,100,100,100,100,0,0,0,0,0,0,0,0,0.92,1.78,4.81,1.68,2.14,0,0,0.1,0,0,-1,0.01,0.54,2.26,0.01,0.01,4.93,1.73,2.19
44.3,0,79,172.5,2.1,14.39,12,530,100,100,100,100,0,0,0,0,0,0,0,0,0.92,1.61,4.81,1.68,2.14,0,0,0.1,0,0,-1,0.01,0.54,2.05,0.01,0.01,4.93,1.73,2.19
44.4,0,79,172.5,2.6,14.39,12,530,100,100,100,100,0,0,0,0,0,0,0,0,0.92,1.46,4.81,1.68,2.14,0,0,0.1,0,0,-1,0.01,0.54,1.85,0.01,0.01,4.93,1.73,2.19
44.5,0,79,172.5,2.6,14.42,12,530,100,100,100,100,0,0,0,0,0,0,0,0,0.92,1.33,4.81,1.68,2.14,0,0,0.1,0,0,-1,0.01,0.54,1.69,0.01,0.01,4.93,1.73,2.19
44.6,0,79,172.5,2.9,14.39,12,530,100,100,100,100,0,0,0,0,0,0,0,0,0.92,1.21,4.81,1.69,2.14,0,0,0.1,0,0,-1,0.01,0.54,1.53,0.01,0.01,4.93,1.73,2.19
44.7,0,79,172.5,2.9,14.42,12,530,100,100,100,100,0,0,0,0,0,0,0,0,0.92,1.1,4.81,1.68,2.14,0,0,0.1,0,0,-1,0.01,0.54,1.39,0.01,0.01,4.93,1.73,2.19
44.8,0,79,172.5,2.9,14.39,12,530,100,100,100,100,0,0,0,0,0,0,0,0,1,1,4.81,1.68,2.14,0,0,0.1,0,0,-1,0.01,0.54,1.27,0.01,0.01,4.93,1.73,2.19
44.9,0,79,172.5,2.9,14.39,12,530,100,100,100,100,0,0,0,0,0,0,0,0,0.92,0.91,4.81,1.68,2.14,0,0,0.1,0,0,-1,0.01,0.54,1.15,0.01,0.01,4.93,1.73,2.19
45,0,79,172.5,2.9,14.39,12,530,100,100,100,100,0,0,0,0,0,0,0,0,0.92,0.83,4.81,1.68,2.14,0,0,0.1,0,0,-1,0.01,0.54,1.05,0.01,0.01,4.93,1.73,2.19
45.1,0,79,172.5,3.1,14.39,12,530,100,100,100,100,0,0,0,0,0,0,0,0,0.92,0.75,4.81,1.68,2.14,0,0,0.1,0,0,-1,0.01,0.54,0.96,0.01,0.01,4.93,1.73,2.19
45.2,0,79,172.5,2.9,14.39,12,530,100,100,100,100,0,0,0,0,0,0,0,0,0.92,0.69,4.81,1.68,2.14,0,0,0.1,0,0,-1,0.01,0.54,0.87,0.01,0.01,4.93,1.73,2.19
45.3,0,79,172.5,2.9,14.42,12,530,100,100,100,100,0,0,0,0,0,0,0,0,0.92,0.63,4.81,1.68,2.14,0,0,0.1,0,0,-1,0.01,0.54,0.8,0.01,0.01,4.93,1.73,2.19
45.4,0,79,172.5,2.8,14.39,12,530,100,100,100,100,0,0,0,0,0,0,0,0,0.92,0.57,4.81,1.69,2.14,0,0,0.1,0,0,-1,0.01,0.54,0.73,0.01,0.01,4.93,1.73,2.19
45.5,0,79,172.5,2.9,14.39,12,530,100,100,100,100,0,0,0,0,0,0,0,0,0.92,0.52,4.81,1.68,2.14,0,0,0.1,0,0,-1,0.01,0.54,0.66,0.01,0.01,4.93,1.73,2.19
45.6,0,79,172.5,2.9,14.39,12,530,100,100,100,100,0,0,0,0,0,0,0,0,0.92,0.48,4.81,1.68,2.14,0,0,0.1,0,0,-1,0.01,0.54,0.6,0.01,0.01,4.93,1.73,2.19
45.7,0,79,172.5,2.9,14.39,12,530,100,100,100,100,0,0,0,0,0,0,0,0,0.92,0.43,4.81,1.68,2.14,0,0,0.1,0,0,-1,0.01,0.54,0.55,0.01,0.01,4.93,1.73,2.19
45.8,0,79,172.5,2.9,14.39,12,530,100,100,100,100,0,0,0,0,0,0,0,0,0.92,0.4,4.81,1.68,2.14,0,0,0.1,0,0,-1,0.01,0.54,0.5,0.01,0.01,4.93,1.73,2.19
45.9,0,79,172.5,3.1,14.39,12,530,100,100,100,100,0,0,0,0,0,0,0,0,0.92,0.36,4.81,1.68,2.14,0,0,0.1,0,0,-1,0.01,0.54,0.46,0.01,0.01,4.93,1.72,2.19
46.001,0,79,172.5,3.2,14.39,12,530,100,100,100,100,0,0,0,0,0,0,0,0,0.92,0.33,4.81,1.69,2.14,0,0,0.1,0,0,-1,0.01,0.54,0.42,0.01,0.01,4.93,1.73,2.19
46.1,0,79,172.5,3.2,14.39,12,530,100,100,100,100,0,0,0,0,0,0,0,0,0.88,0.3,4.81,1.69,2.14,0,0,0.1,0,0,-1,0.01,0.54,0.38,0.01,0.01,4.93,1.73,2.19
46.2,0,79,172.5,3.1,14.39,12,530,100,100,100,100,0,0,0,0,0,0,0,0,0.9,0.59,4.71,1.68,2.14,0,0,0.1,0,0,-1,0.01,0.54,0.75,0.01,0.01,4.82,1.72,2.19
46.3,0,79,172.5,3.4,14.39,12,530,100,100,100,100,0,0,0,0,0,0,0,0,0.88,2.83,4.81,1.69,2.14,0,0,0.1,0,0,-1,0.01,0.54,3.59,0.01,0.01,4.93,1.73,2.19
46.4,0,79,172.5,3.4,14.39,12,530,100,100,100,100,0,0,0,0,0,0,0,0,0.92,2.54,4.81,1.68,2.14,0,0,0.1,0,0,-1,0.01,0.54,3.23,0.01,0.01,4.93,1.72,2.19
46.5,0,79,172.5,3.4,14.42,12,530,100,100,100,100,0,0,0,0,0,0,0,0,0.92,2.29,4.81,1.69,2.14,0,0,0.1,0,0,-1,0.01,0.54,2.91,0.01,0.01,4.93,1.73,2.19
46.6,0,79,172.5,3,14.39,12,530,100,100,100,100,0,0,0,0,0,0,0,0,0.92,2.12,4.81,1.68,2.14,0,0,0.1,0,0,-1,0.01,0.54,2.7,0.01,0.01,4.93,1.73,2.19
46.7,0,79,172.5,3.3,14.39,12,530,100,100,100,100,0,0,0,0,0,0,0,0,0.92,1.92,4.81,1.69,2.14,0,0,0.1,0,0,-1,0.01,0.54,2.43,0.01,0.01,4.93,1.73,2.19
46.8,0,79,172.5,3.2,14.39,12,530,100,100,100,100,0,0,0,0,0,0,0,0,0.88,1.74,4.81,1.68,2.14,0,0,0.1,0,0,-1,0.01,0.54,2.2,0.01,0.01,4.93,1.72,2.19
46.9,0,79,172.5,3.3,14.39,12,530,100,100,100,100,0,0,0,0,0,0,0,0,0.92,1.57,4.81,1.69,2.14,0,0,0.1,0,0,-1,0.01,0.54,1.99,0.01,0.01,4.93,1.73,2.19
47,0,79,172.5,3.4,14.39,12,530,100,100,100,100,0,0,0,0,0,0,0,0,0.88,1.42,4.81,1.69,2.14,0,0,0.1,0,0,-1,0.01,0.54,1.81,0.01,0.01,4.93,1.73,2.19
47.1,0,79,172.5,3.4,14.39,12,530,100,100,100,100,0,0,0,0,0,0,0,0,0.88,1.29,4.81,1.69,2.14,0,0,0.1,0,0,-1,0.01,0.54,1.64,0.01,0.01,4.93,1.73,2.19
47.2,0,79,172.5,3.4,14.39,12,530,100,100,100,100,0,0,0,0,0,0,0,0,0.92,1.17,4.81,1.69,2.14,0,0,0.1,0,0,-1,0.01,0.54,1.49,0.01,0.01,4.93,1.73,2.19
47.3,0,79,172.5,3.4,14.39,12,530,100,100,100,100,0,0,0,0,0,0,0,0,0.92,1.07,4.81,1.69,2.14,0,0,0.1,0,0,-1,0.01,0.54,1.35,0.01,0.01,4.93,1.73,2.19
47.4,0,79,172.5,3.4,14.39,12,530,100,100,100,100,0,0,0,0,0,0,0,0,0.9,0.97,4.81,1.69,2.14,0,0,0.1,0,0,-1,0.01,0.54,1.23,0.01,0.01,4.93,1.73,2.19
47.5,0,79,172.5,3.4,14.39,12,530,100,100,100,100,0,0,0,0,0,0,0,0,0.92,0.88,4.81,1.69,2.14,0,0,0.1,0,0,-1,0.01,0.54,1.12,0.01,0.01,4.93,1.73,2.19
47.6,0,79,172.5,3.4,14.42,12,530,100,100,100,100,0,0,0,0,0,0,0,0,0.88,0.8,4.81,1.69,2.14,0,0,0.1,0,0,-1,0.01,0.54,1.02,0.01,0.01,4.93,1.73,2.19
47.7,0,79,172.5,3.4,14.39,12,530,100,100,100,100,0,0,0,0,0,0,0,0,0.84,0.73,4.81,1.69,2.14,0,0,0.1,0,0,-1,0.01,0.53,0.93,0.01,0.01,4.93,1.73,2.19
47.8,0,79,172.5,3.4,14.39,12,530,100,100,100,100,0,0,0,0,0,0,0,0,0.9,0.66,4.81,1.69,2.14,0,0,0.1,0,0,-1,0.01,0.54,0.84,0.01,0.01,4.93,1.73,2.19
47.9,0,79,172.5,3.4,14.39,12,530,100,100,100,100,0,0,0,0,0,0,0,0,0.9,0.6,4.81,1.69,2.14,0,0,0.1,0,0,-1,0.01,0.54,0.77,0.01,0.01,4.93,1.73,2.19
48,0,79,172.5,3.4,14.42,12,530,100,100,100,100,0,0,0,0,0,0,0,0,0.92,0.55,4.81,1.69,2.14,0,0,0.1,0,0,-1,0.01,0.54,0.7,0.01,0.01,4.93,1.73,2.19
48.1,0,79,172.5,3.4,14.39,12,530,100,100,100,100,0,0,0,0,0,0,0,0,0.88,0.5,4.81,1.69,2.14,0,0,0.1,0,0,-1,0.01,0.54,0.64,0.01,0.01,4.93,1.73,2.19
48.2,0,79,172.5,3.1,14.39,12,530,100,100,100,100,0,0,0,0,0,0,0,0,0.8,0.46,4.81,1.69,2.14,0,0,0.1,0,0,-1,0.01,0.53,0.58,0.01,0.01,4.93,1.73,2.19
48.3,0,79,172.5,2.9,14.39,12,530,100,100,100,100,0,0,0,0,0,0,0,0,0.82,0.42,4.81,1.69,2.14,0,0,0.1,0,0,-1,0.01,0.53,0.53,0.01,0.01,4.93,1.73,2.19
48.4,0,79,172.5,2.9,14.39,12,530,100,100,100,100,0,0,0,0,0,0,0,0,0.82,0.38,4.81,1.69,2.14,0,0,0.1,0,0,-1,0.01,0.53,0.48,0.01,0.01,4.93,1.73,2.19
48.5,0,79,172.5,2.9,14.39,12,530,100,100,100,100,0,0,0,0,0,0,0,0,0.84,0.35,4.81,1.69,2.14,0,0,0.1,0,0,-1,0.01,0.53,0.44,0.01,0.01,4.93,1.73,2.19
48.6,0,79,172.5,2.9,14.39,12,530,100,100,100,100,0,0,0,0,0,0,0,0,0.82,0.31,4.81,1.69,2.14,0,0,0.1,0,0,-1,0.01,0.53,0.4,0.01,0.01,4.93,1.73,2.19
48.7,0,79,172.5,3,14.39,12,530,100,100,100,100,0,0,0,0,0,0,0,0,0.82,0.29,4.81,1.69,2.14,0,0,0.1,0,0,-1,0.01,0.53,0.37,0.01,0.01,4.93,1.73,2.19
48.8,0,79,172.5,3.4,14.42,12,530,100,100,100,100,0,0,0,0,0,0,0,0,0.82,0.26,4.81,1.69,2.14,0,0,0.1,0,0,-1,0.01,0.53,0.33,0.01,0.01,4.93,1.73,2.19
48.9,0,79,172.5,3.4,14.39,12,530,100,100,100,100,0,0,0,0,0,0,0,0,0.82,0.24,4.81,1.69,2.14,0,0,0.1,0,0,-1,0.01,0.53,0.3,0.01,0.01,4.93,1.73,2.19
49,0,79,172.5,3.5,14.42,12,530,100,100,100,100,0,0,0,0,0,0,0,0,0.88,0.22,4.81,1.69,2.14,0,0,0.1,0,0,-1,0.01,0.54,0.28,0.01,0.01,4.93,1.73,2.19
49.1,0,79,172.5,3.8,14.39,12,530,100,100,100,100,0,0,0,0,0,0,0,0,0.82,0.2,4.81,1.69,2.14,0,0,0.1,0,0,-1,0.01,0.53,0.25,0.01,0.01,4.93,1.73,2.19
49.2,0,79,172.5,3.8,14.39,12,530,100,100,100,100,0,0,0,0,0,0,0,0,0.9,0.18,4.81,1.69,2.14,0,0,0.1,0,0,-1,0.01,0.54,0.23,0.01,0.01,4.93,1.73,2.19
49.3,0,79,172.5,3.4,14.39,12,530,100,100,100,100,0,0,0,0,0,0,0,0,0.8,0.17,4.81,1.69,2.14,0,0,0.1,0,0,-1,0.01,0.53,0.21,0.01,0.01,4.93,1.73,2.19
49.4,0,79,172.5,3.4,14.39,12,530,100,100,100,100,0,0,0,0,0,0,0,0,0.92,0.15,4.81,1.69,2.14,0,0,0.1,0,0,-1,0.01,0.54,0.2,0.01,0.01,4.93,1.73,2.19
49.5,0,79,172.5,3.4,14.39,12,530,100,100,100,100,0,0,0,0,0,0,0,0,0.9,0.14,4.81,1.69,2.14,0,0,0.1,0,0,-1,0.01,0.54,0.18,0.01,0.01,4.93,1.73,2.19
49.6,0,79,172.5,3.4,14.39,12,530,100,100,100,100,0,0,0,0,0,0,0,0,0.92,0.13,4.81,1.69,2.14,0,0,0.1,0,0,-1,0.01,0.54,0.16,0.01,0.01,4.93,1.73,2.19
49.7,0,79,172.5,3.4,14.42,12,530,100,100,100,100,0,0,0,0,0,0,0,0,0.88,0.12,4.81,1.69,2.14,0,0,0.1,0,0,-1,0.01,0.54,0.15,0.01,0.01,4.93,1.73,2.19
49.8,0,79,172.5,3.4,14.39,12,530,100,100,100,100,0,0,0,0,0,0,0,0,0.84,0.11,4.81,1.67,2.14,0,0,0.1,0,0,-1,0.01,0.53,0.14,0.01,0.01,4.93,1.71,2.19
49.9,0,79,172.5,3.4,14.39,11.9,530,100,100,100,100,0,0,0,0,0,0,0,0,0.92,0.1,4.81,1.68,2.14,0,0,0.1,0,0,-1,0.01,0.54,0.13,0.01,0.01,4.93,1.73,2.19
50,0,79,172.5,3,14.39,11.9,530,100,100,100,100,0,0,0,0,0,0,0,0,0.92,0.09,4.81,1.68,2.14,0,0,0.1,0,0,-1,0.01,0.54,0.11,0.01,0.01,4.93,1.72,2.19
50.1,0,79,172.5,2.9,14.39,11.9,530,100,100,100,100,0,0,0,0,0,0,0,0,0.92,0.08,4.81,1.68,2.14,0,0,0.1,0,0,-1,0.01,0.54,0.1,0.01,0.01,4.93,1.73,2.19
50.2,0,79,172.5,2.6,14.42,11.9,530,100,100,100,100,0,0,0,0,0,0,0,0,0.92,0.08,4.81,1.69,2.14,0,0,0.1,0,0,-1,0.01,0.54,0.1,0.01,0.01,4.93,1.73,2.19
50.3,0,79,172.5,0.5,14.39,11.9,530,100,100,100,100,0,0,0,0,0,0,0,0,0.92,0.07,4.81,1.69,2.14,0,0,0.1,0,0,-1,0.01,0.54,0.09,0.01,0.01,4.93,1.73,2.19
50.4,0,79,172.5,0.8,14.39,11.9,530,100,100,100,100,0,0,0,0,0,0,0,0,0.9,0.06,4.81,1.69,2.14,0,0,0.1,0,0,-1,0.01,0.54,0.08,0.01,0.01,4.93,1.73,2.19
50.5,0,79,172.5,1.9,14.39,11.9,530,100,100,100,100,0,0,0,0,0,0,0,0,0.88,0.06,4.81,1.69,2.14,0,0,0.1,0,0,-1,0.01,0.54,0.07,0.01,0.01,4.93,1.73,2.19
50.6,0,79,172.5,2.1,14.42,11.9,530,100,100,100,100,0,0,0,0,0,0,0,0,0.92,0.05,4.81,1.69,2.14,0,0,0.1,0,0,-1,0.01,0.54,0.07,0.01,0.01,4.93,1.73,2.19
50.7,0,79,172.5,2.6,14.42,11.9,530,100,100,100,100,0,0,0,0,0,0,0,0,0.92,0.05,4.81,1.69,2.14,0,0,0.1,0,0,-1,0.01,0.54,0.06,0.01,0.01,4.93,1.73,2.19
50.8,0,79,172.5,2.8,14.39,11.9,530,100,100,100,100,0,0,0,0,0,0,0,0,0.88,0.04,4.81,1.69,2.14,0,0,0.1,0,0,-1,0.01,0.54,0.06,0.01,0.01,4.93,1.73,2.19
50.9,0,79,172.5,2.9,14.42,11.9,530,100,100,100,100,0,0,0,0,0,0,0,0,0.88,0.04,4.81,1.69,2.14,0,0,0.1,0,0,-1,0.01,0.54,0.05,0.01,0.01,4.93,1.73,2.19
51,0,79,172.5,2.9,14.39,11.9,530,100,100,100,100,0,0,0,0,0,0,0,0,0.88,0.04,4.81,1.69,2.14,0,0,0.1,0,0,-1,0.01,0.54,0.05,0.01,0.01,4.93,1.73,2.19
51.1,0,79,172.5,2.9,14.42,11.9,530,100,100,100,100,0,0,0,0,0,0,0,0,0.82,0.03,4.81,1.69,2.14,0,0,0.1,0,0,-1,0.01,0.53,0.04,0.01,0.01,4.93,1.73,2.19
51.2,0,79,172.5,2.9,14.39,11.9,530,100,100,100,100,0,0,0,0,0,0,0,0,0.88,0.03,4.81,1.69,2.14,0,0,0.1,0,0,-1,0.01,0.54,0.04,0.01,0.01,4.93,1.73,2.19
51.3,0,79,172.5,2.9,14.42,11.9,530,100,100,100,100,0,0,0,0,0,0,0,0,0.84,0.03,4.81,1.69,2.14,0,0,0.1,0,0,-1,0.01,0.53,0.04,0.01,0.01,4.93,1.73,2.19
51.4,0,79,172.5,2.9,14.39,11.9,530,100,100,100,100,0,0,0,0,0,0,0,0,0.82,0.03,4.81,1.69,2.14,0,0,0.1,0,0,-1,0.01,0.53,0.03,0.01,0.01,4.93,1.73,2.19
51.5,0,79,172.5,3,14.39,11.9,530,100,100,100,100,0,0,0,0,0,0,0,0,0.88,0.03,4.81,1.69,2.14,0,0,0.1,0,0,-1,0.01,0.54,0.03,0.01,0.01,4.93,1.73,2.19
51.6,0,79,172.5,3.1,14.39,11.9,530,100,100,100,100,0,0,0,0,0,0,0,0,0.82,0.02,4.81,1.69,2.14,0,0,0.1,0,0,-1,0.01,0.53,0.03,0.01,0.01,4.93,1.73,2.19
51.7,0,79,172.5,3,14.39,11.9,530,100,100,100,100,0,0,0,0,0,0,0,0,0.84,0.02,4.81,1.69,2.14,0,0,0.1,0,0,-1,0.01,0.53,0.03,0.01,0.01,4.93,1.73,2.19
51.8,0,79,172.5,3.3,14.39,11.9,530,100,100,100,100,0,0,0,0,0,0,0,0,0.8,0.02,4.81,1.69,2.14,0,0,0.1,0,0,-1,0.01,0.53,0.02,0.01,0.01,4.93,1.73,2.19
51.9,0,79,172.5,3.4,14.39,11.9,530,100,100,100,100,0,0,0,0,0,0,0,0,0.88,0.02,4.81,1.69,2.14,0,0,0.1,0,0,-1,0.01,0.54,0.02,0.01,0.01,4.93,1.73,2.19
52,0,79,172.5,3.4,14.39,11.9,530,100,100,100,100,0,0,0,0,0,0,0,0,0.92,0.02,4.81,1.69,2.14,0,0,0.1,0,0,-1,0.01,0.54,0.02,0.01,0.01,4.93,1.73,2.19
52.1,0,79,172.5,3.4,14.39,11.9,530,100,100,100,100,0,0,0,0,0,0,0,0,0.82,0.01,4.81,1.69,2.14,0,0,0.1,0,0,-1,0.01,0.53,0.02,0.01,0.01,4.93,1.73,2.19
52.2,0,79,172.5,3.4,14.39,11.8,530,100,100,100,100,0,0,0,0,0,0,0,0,0.82,0.01,4.81,1.69,2.14,0,0,0.1,0,0,-1,0.01,0.53,0.02,0.01,0.01,4.93,1.73,2.19
52.3,0,79,172.5,3.4,14.39,11.8,530,100,100,100,100,0,0,0,0,0,0,0,0,0.84,0.01,4.81,1.69,2.14,0,0,0.1,0,0,-1,0.01,0.53,0.02,0.01,0.01,4.93,1.73,2.19
52.4,0,79,172.5,3.4,14.39,11.8,530,100,100,100,100,0,0,0,0,0,0,0,0,0.82,0.01,4.81,1.69,2.14,0,0,0.1,0,0,-1,0.01,0.53,0.01,0.01,0.01,4.93,1.73,2.19
52.5,0,79,172.5,3.4,14.39,11.8,530,100,100,100,100,0,0,0,0,0,0,0,0,0.84,0.01,4.81,1.69,2.14,0,0,0.1,0,0,-1,0.01,0.53,0.01,0.01,0.01,4.93,1.73,2.19
52.6,0,79,172.5,3.4,14.39,11.8,530,100,100,100,100,0,0,0,0,0,0,0,0,0.8,0.01,4.81,1.69,2.14,0,0,0.1,0,0,-1,0.01,0.53,0.01,0.01,0.01,4.93,1.73,2.19
52.7,0,79,172.5,3.4,14.39,11.8,530,100,100,100,100,0,0,0,0,0,0,0,0,0.8,0.01,4.81,1.69,2.14,0,0,0.1,0,0,-1,0.01,0.53,0.01,0.01,0.01,4.93,1.73,2.19
52.8,0,79,172.5,3.4,14.42,11.8,530,100,100,100,100,0,0,0,0,0,0,0,0,0.8,0.01,4.81,1.69,2.14,0,0,0.1,0,0,-1,0.01,0.53,0.01,0.01,0.01,4.93,1.73,2.19
52.9,0,79,172.5,3.4,14.39,11.8,530,100,100,100,100,0,0,0,0,0,0,0,0,0.8,0.01,4.81,1.69,2.14,0,0,0.1,0,0,-1,0.01,0.53,0.01,0.01,0.01,4.93,1.73,2.19
53,0,79,172.5,3.4,14.39,11.8,530,100,100,100,100,0,0,0,0,0,0,0,0,0.8,0.01,4.81,1.69,2.14,0,0,0.1,0,0,-1,0.01,0.53,0.01,0.01,0.01,4.93,1.73,2.19
53.1,0,79,172.5,3.4,14.39,11.8,530,100,100,100,100,0,0,0,0,0,0,0,0,0.82,0.01,4.81,1.69,2.14,0,0,0.1,0,0,-1,0.01,0.53,0.01,0.01,0.01,4.93,1.73,2.19
53.2,0,79,172.5,3.4,14.39,11.8,530,100,100,100,100,0,0,0,0,0,0,0,0,0.82,0.01,4.81,1.69,2.14,0,0,0.1,0,0,-1,0.01,0.53,0.01,0.01,0.01,4.93,1.73,2.19
53.3,0,79,172.5,3.4,14.42,11.8,530,100,100,100,100,0,0,0,0,0,0,0,0,0.82,0.01,4.81,1.69,2.14,0,0,0.1,0,0,-1,0.01,0.53,0.01,0.01,0.01,4.93,1.73,2.19
53.4,0,79,172.5,3.4,14.42,11.9,530,100,100,100,100,0,0,0,0,0,0,0,0,0.8,0.01,4.81,1.69,2.14,0,0,0.1,0,0,-1,0.01,0.53,0.01,0.01,0.01,4.93,1.73,2.19
53.5,0,79,172.5,3.4,14.39,11.9,530,100,100,100,100,0,0,0,0,0,0,0,0,0.8,0.01,4.81,1.69,2.14,0,0,0.1,0,0,-1,0.01,0.53,0.01,0.01,0.01,4.93,1.73,2.19
53.6,0,79,172.5,3.4,14.39,11.9,530,100,100,100,100,0,0,0,0,0,0,0,0,0.8,0.01,4.81,1.69,2.14,0,0,0.1,0,0,-1,0.01,0.53,0.01,0.01,0.01,4.93,1.73,2.19
53.7,0,79,172.5,3.4,14.42,11.9,530,100,100,100,100,0,0,0,0,0,0,0,0,0.82,0.01,4.81,1.69,2.14,0,0,0.1,0,0,-1,0.01,0.53,0.01,0.01,0.01,4.93,1.73,2.19
53.8,0,79,172.5,3.4,14.39,11.9,530,100,100,100,100,0,0,0,0,0,0,0,0,0.8,0.01,4.81,1.69,2.14,0,0,0.1,0,0,-1,0.01,0.53,0.01,0.01,0.01,4.93,1.73,2.19
53.9,0,79,172.5,3.1,14.39,11.9,530,100,100,100,100,0,0,0,0,0,0,0,0,0.8,3.13,4.81,1.69,2.14,0,0,0.1,0,0,-1,0.01,0.53,3.97,0.01,0.01,4.93,1.73,2.19
54,0,79,172.5,3.2,14.42,11.9,530,100,100,100,100,0,0,0,0,0,0,0,0,0.8,3.13,4.81,1.69,2.14,0,0,0.1,0,0,-1,0.01,0.53,3.97,0.01,0.01,4.93,1.73,2.19
54.1,0,79,172.5,3.3,14.39,11.9,530,100,100,100,100,0,0,0,0,0,0,0,0,0.8,3.13,4.81,1.69,2.14,0,0,0.1,0,0,-1,0.01,0.53,3.97,0.01,0.01,4.93,1.73,2.19
54.205,0,79,172.5,3.4,14.39,11.9,530,100,100,100,100,0,0,0,0,0,0,0,0,0.8,3.13,4.81,1.69,2.14,0,0,0.1,0,0,-1,0.01,0.53,3.97,0.01,0.01,4.93,1.73,2.19
54.302,0,79,172.5,3.4,14.39,11.9,530,100,100,100,100,0,0,0,0,0,0,0,0,0.8,3.13,4.81,1.69,2.14,0,0,0.1,0,0,-1,0.01,0.53,3.97,0.01,0.01,4.93,1.73,2.19
54.4,0,79,172.5,3.4,14.42,11.9,530,100,100,100,100,0,0,0,0,0,0,0,0,0.8,3.13,4.81,1.69,2.14,0,0,0.1,0,0,-1,0.01,0.53,3.97,0.01,0.01,4.93,1.73,2.19
54.5,0,79,172.5,3.6,14.39,11.9,530,100,100,100,100,0,0,0,0,0,0,0,0,0.8,3.13,4.81,1.69,2.14,0,0,0.1,0,0,-1,0.01,0.53,3.97,0.01,0.01,4.93,1.73,2.19
54.6,0,79,172.5,3.7,14.42,11.9,530,100,100,100,100,0,0,0,0,0,0,0,0,0.8,3.13,4.81,1.69,2.14,0,0,0.1,0,0,-1,0.01,0.53,3.97,0.01,0.01,4.93,1.73,2.19
54.7,0,79,172.5,3.8,14.39,11.9,530,100,100,100,100,0,0,0,0,0,0,0,0,0.8,3.13,4.81,1.69,2.14,0,0,0.1,0,0,-1,0.01,0.53,3.97,0.01,0.01,4.93,1.73,2.19
54.8,0,79,172.5,3.8,14.39,11.9,530,100,100,100,100,0,0,0,0,0,0,0,0,0.8,3.13,4.81,1.69,2.14,0,0,0.1,0,0,-1,0.01,0.53,3.97,0.01,0.01,4.93,1.73,2.19
54.9,0,79,172.5,3.9,14.39,11.9,530,100,100,100,100,0,0,0,0,0,0,0,0,0.8,3.13,4.81,1.69,2.14,0,0,0.1,0,0,-1,0.01,0.53,3.97,0.01,0.01,4.93,1.73,2.19
55,0,79,172.5,4.1,14.39,11.9,530,100,100,100,100,0,0,0,0,0,0,0,0,0.8,3.13,4.81,1.69,2.14,0,0,0.1,0,0,-1,0.01,0.53,3.97,0.01,0.01,4.93,1.73,2.19
55.1,0,79,172.5,4.2,14.42,11.9,530,100,100,100,100,0,0,0,0,0,0,0,0,0.8,3.13,4.81,1.69,2.14,0,0,0.1,0,0,-1,0.01,0.53,3.97,0.01,0.01,4.93,1.73,2.19
55.2,0,79,172.5,4.3,14.39,11.9,530,100,100,100,100,0,0,0,0,0,0,0,0,0.8,3.13,4.81,1.69,2.14,0,0,0.1,0,0,-1,0.01,0.53,3.97,0.01,0.01,4.93,1.73,2.19
55.3,0,79,172.5,4.3,14.39,11.9,530,100,100,100,100,0,0,0,0,0,0,0,0,0.8,3.13,4.81,1.69,2.14,0,0,0.1,0,0,-1,0.01,0.53,3.97,0.01,0.01,4.93,1.73,2.19
55.4,0,79,172.5,4.6,14.42,11.9,530,100,100,100,100,0,0,0,0,0,0,0,0,0.8,3.13,4.81,1.69,2.14,0,0,0.1,0,0,-1,0.01,0.53,3.97,0.01,0.01,4.93,1.73,2.19
55.5,0,79,172.5,4.7,14.39,11.9,530,100,100,100,100,0,0,0,0,0,0,0,0,0.8,3.13,4.81,1.69,2.14,0,0,0.1,0,0,-1,0.01,0.53,3.97,0.01,0.01,4.93,1.73,2.19
55.6,0,79,172.5,4.7,14.39,11.9,530,100,100,100,100,0,0,0,0,0,0,0,0,0.8,3.13,4.81,1.69,2.14,0,0,0.1,0,0,-1,0.01,0.53,3.97,0.01,0.01,4.93,1.73,2.19
55.7,0,79,172.5,4.6,14.39,11.9,530,100,100,100,100,0,0,0,0,0,0,0,0,0.8,3.13,4.81,1.69,2.14,0,0,0.1,0,0,-1,0.01,0.53,3.97,0.01,0.01,4.93,1.73,2.19
55.8,0,79,172.5,4.7,14.39,11.9,530,100,100,100,100,0,0,0,0,0,0,0,0,0.8,3.13,4.81,1.69,2.14,0,0,0.1,0,0,-1,0.01,0.53,3.97,0.01,0.01,4.93,1.73,2.19
55.9,0,79,172.5,4.7,14.39,11.9,530,100,100,100,100,0,0,0,0,0,0,0,0,0.88,3.13,4.81,1.69,2.14,0,0,0.1,0,0,-1,0.01,0.54,3.97,0.01,0.01,4.93,1.73,2.19
56.001,0,79,172.5,4.7,14.39,11.9,530,100,100,100,100,0,0,0,0,0,0,0,0,0.8,3.13,4.81,1.69,2.14,0,0,0.1,0,0,-1,0.01,0.53,3.97,0.01,0.01,4.93,1.73,2.19
56.1,0,79,172.5,4.7,14.39,11.9,530,100,100,100,100,0,0,0,0,0,0,0,0,0.8,3.13,4.81,1.69,2.14,0,0,0.1,0,0,-1,0.01,0.53,3.97,0.01,0.01,4.93,1.73,2.19
56.2,0,79,172.5,4.7,14.39,11.9,530,100,100,100,100,0,0,0,0,0,0,0,0,0.8,3.13,4.81,1.69,2.14,0,0,0.1,0,0,-1,0.01,0.53,3.97,0.01,0.01,4.93,1.73,2.19
56.3,0,79,172.4,4.7,14.42,11.9,530,100,100,100,100,0,0,0,0,0,0,0,0,0.8,3.13,4.81,1.69,2.14,0,0,0.1,0,0,-1,0.01,0.53,3.97,0.01,0.01,4.93,1.73,2.19
56.4,0,79,172.5,4.7,14.39,11.9,530,100,100,100,100,0,0,0,0,0,0,0,0,0.82,3.13,4.81,1.69,2.14,0,0,0.1,0,0,-1,0.01,0.53,3.97,0.01,0.01,4.93,1.73,2.19
56.5,0,79,170.8,4.7,14.39,11.9,530,100,100,100,100,0,0,0,0,0,0,0,0,0.8,3.13,4.81,1.69,2.14,0,0,0.1,0,0,-1,0.01,0.53,3.97,0.01,0.01,4.93,1.73,2.19
56.6,0,79,172.5,4.7,14.39,11.9,530,100,100,100,100,0,0,0,0,0,0,0,0,0.8,3.13,4.81,1.69,2.14,0,0,0.1,0,0,-1,0.01,0.53,3.97,0.01,0.01,4.93,1.73,2.19
56.7,0,79,170.9,4.7,14.39,11.9,530,100,100,100,100,0,0,0,0,0,0,0,0,0.8,3.13,4.81,1.69,2.14,0,0,0.1,0,0,-1,0.01,0.53,3.97,0.01,0.01,4.93,1.73,2.19
56.803,0,79,172.4,4.7,14.39,11.8,530,100,100,100,100,0,0,0,0,0,0,0,0,0.8,3.13,4.81,1.69,2.14,0,0,0.1,0,0,-1,0.01,0.53,3.97,0.01,0.01,4.93,1.73,2.19
56.9,0,79,172.4,4.7,14.39,11.8,530,100,100,100,100,0,0,0,0,0,0,0,0,0.8,3.13,4.81,1.69,2.14,0,0,0.1,0,0,-1,0.01,0.53,3.97,0.01,0.01,4.93,1.73,2.19
57,0,79,170.8,4.7,14.39,11.8,530,100,100,100,100,0,0,0,0,0,0,0,0,0.8,3.13,4.81,1.69,2.14,0,0,0.1,0,0,-1,0.01,0.53,3.97,0.01,0.01,4.93,1.73,2.19
57.1,0,79,170.8,4.7,14.39,11.8,530,100,100,100,100,0,0,0,0,0,0,0,0,0.8,3.13,4.81,1.69,2.14,0,0,0.1,0,0,-1,0.01,0.53,3.97,0.01,0.01,4.93,1.73,2.19
57.2,0,79,170.8,4.7,14.39,11.8,530,100,100,100,100,0,0,0,0,0,0,0,0,0.88,3.13,4.81,1.69,2.14,0,0,0.1,0,0,-1,0.01,0.54,3.97,0.01,0.01,4.93,1.73,2.19
57.3,0,79,170.8,4.7,14.39,11.8,530,100,100,100,100,0,0,0,0,0,0,0,0,0.8,3.13,4.81,1.69,2.14,0,0,0.1,0,0,-1,0.01,0.53,3.97,0.01,0.01,4.93,1.73,2.19
57.4,0,79,170.8,5,14.39,11.8,530,100,100,100,100,0,0,0,0,0,0,0,0,0.8,3.13,4.81,1.69,2.14,0,0,0.1,0,0,-1,0.01,0.53,3.97,0.01,0.01,4.93,1.73,2.19
57.5,0,79,170.8,5.5,14.39,11.8,530,100,100,100,100,0,0,0,0,0,0,0,0,0.8,3.13,4.81,1.69,2.14,0,0,0.1,0,0,-1,0.01,0.53,3.97,0.01,0.01,4.93,1.73,2.19
57.6,0,79,170.8,5.5,14.39,11.8,530,100,100,100,100,0,0,0,0,0,0,0,0,0.8,3.13,4.81,1.69,2.14,0,0,0.1,0,0,-1,0.01,0.53,3.97,0.01,0.01,4.93,1.73,2.19
57.7,0,79,170.8,5.5,14.42,11.8,530,100,100,100,100,0,0,0,0,0,0,0,0,0.8,3.13,4.81,1.69,2.14,0,0,0.1,0,0,-1,0.01,0.53,3.97,0.01,0.01,4.93,1.73,2.19
57.8,0,79,170.8,5.5,14.39,11.8,530,100,100,100,100,0,0,0,0,0,0,0,0,0.8,3.13,4.81,1.69,2.14,0,0,0.1,0,0,-1,0.01,0.53,3.97,0.01,0.01,4.93,1.73,2.19
57.9,0,79,170.8,5.5,14.39,11.8,530,100,100,100,100,0,0,0,0,0,0,0,0,0.8,3.13,4.81,1.69,2.14,0,0,0.1,0,0,-1,0.01,0.53,3.97,0.01,0.01,4.93,1.73,2.19
58,0,79,170.8,5.5,14.42,11.8,530,100,100,100,100,0,0,0,0,0,0,0,0,0.8,3.13,4.81,1.69,2.14,0,0,0.1,0,0,-1,0.01,0.53,3.97,0.01,0.01,4.93,1.73,2.19
58.1,0,79,170.8,5.6,14.39,11.8,530,100,100,100,100,0,0,0,0,0,0,0,0,0.8,3.13,4.81,1.69,2.14,0,0,0.1,0,0,-1,0.01,0.53,3.97,0.01,0.01,4.93,1.73,2.19
58.2,0,79,170.8,5.5,14.42,11.8,530,100,100,100,100,0,0,0,0,0,0,0,0,0.8,3.13,4.81,1.69,2.14,0,0,0.1,0,0,-1,0.01,0.53,3.97,0.01,0.01,4.93,1.73,2.19
58.3,0,79,170.8,5.5,14.42,11.8,530,100,100,100,100,0,0,0,0,0,0,0,0,0.8,3.13,4.81,1.69,2.14,0,0,0.1,0,0,-1,0.01,0.53,3.97,0.01,0.01,4.93,1.73,2.19
58.4,0,79,170.8,5.5,14.39,11.8,530,100,100,100,100,0,0,0,0,0,0,0,0,0.8,3.13,4.81,1.69,2.14,0,0,0.1,0,0,-1,0.01,0.53,3.97,0.01,0.01,4.93,1.73,2.19
58.5,0,79,170.8,5.5,14.39,11.8,530,100,100,100,100,0,0,0,0,0,0,0,0,0.75,3.13,4.81,1.69,2.14,0,0,0.1,0,0,-1,0.01,0.53,3.97,0.01,0.01,4.93,1.73,2.19
58.6,0,79,170.8,5.6,14.39,11.8,530,100,100,100,100,0,0,0,0,0,0,0,0,0.8,3.13,4.81,1.69,2.14,0,0,0.1,0,0,-1,0.01,0.53,3.97,0.01,0.01,4.93,1.73,2.19
58.7,0,79,170.8,5.5,14.42,11.8,530,100,100,100,100,0,0,0,0,0,0,0,0,0.8,3.13,4.81,1.69,2.14,0,0,0.1,0,0,-1,0.01,0.53,3.97,0.01,0.01,4.93,1.73,2.19
58.8,0,79,170.8,5.6,14.42,11.8,530,100,100,100,100,0,0,0,0,0,0,0,0,0.8,3.13,4.81,1.69,2.14,0,0,0.1,0,0,-1,0.01,0.53,3.97,0.01,0.01,4.93,1.73,2.19
58.9,0,79,170.8,5.7,14.39,11.8,530,100,100,100,100,0,0,0,0,0,0,0,0,0.8,3.13,4.81,1.69,2.14,0,0,0.1,0,0,-1,0.01,0.53,3.97,0.01,0.01,4.93,1.73,2.19
59,0,79,170.8,5.7,14.39,11.8,530,100,100,100,100,0,0,0,0,0,0,0,0,0.8,3.13,4.81,1.69,2.14,0,0,0.1,0,0,-1,0.01,0.53,3.97,0.01,0.01,4.93,1.73,2.19
59.1,0,79,170.8,5.7,14.39,11.8,530,100,100,100,100,0,0,0,0,0,0,0,0,0.82,3.13,4.81,1.69,2.14,0,0,0.1,0,0,-1,0.01,0.53,3.97,0.01,0.01,4.93,1.73,2.19
59.2,0,79,170.8,5.7,14.39,11.8,530,100,100,100,100,0,0,0,0,0,0,0,0,0.8,3.13,4.81,1.69,2.14,0,0,0.1,0,0,-1,0.01,0.53,3.97,0.01,0.01,4.93,1.73,2.19
59.3,0,79,170.8,5.8,14.39,11.8,530,100,100,100,100,0,0,0,0,0,0,0,0,0.8,3.13,4.81,1.69,2.14,0,0,0.1,0,0,-1,0.01,0.53,3.97,0.01,0.01,4.93,1.73,2.19
59.4,0,79,170.8,5.9,14.39,11.8,530,100,100,100,100,0,0,0,0,0,0,0,0,0.8,2.98,4.81,1.69,2.14,0,0,0.1,0,0,-1,0.01,0.53,3.78,0.01,0.01,4.93,1.73,2.19
59.5,0,79,170.8,6,14.39,11.8,530,100,100,100,100,0,0,0,0,0,0,0,0,0.8,3.13,4.81,1.69,2.14,0,0,0.1,0,0,-1,0.01,0.53,3.97,0.01,0.01,4.93,1.73,2.19
59.6,0,79,170.8,6,14.39,11.8,530,100,100,100,100,0,0,0,0,0,0,0,0,0.8,2.86,4.81,1.69,2.14,0,0,0.1,0,0,-1,0.01,0.53,3.63,0.01,0.01,4.93,1.73,2.19
59.7,0,79,170.8,5.9,14.42,11.8,530,100,100,100,100,0,0,0,0,0,0,0,0,0.8,2.57,4.81,1.69,2.14,0,0,0.1,0,0,-1,0.01,0.53,3.26,0.01,0.01,4.93,1.73,2.19
59.8,0,79,170.8,6,14.39,11.8,530,100,100,100,100,0,0,0,0,0,0,0,0,0.75,3.12,4.81,1.69,2.14,0,0,0.1,0,0,-1,0.01,0.53,3.96,0.01,0.01,4.93,1.73,2.19
59.9,0,79,170.8,6,14.39,11.8,530,100,100,100,100,0,0,0,0,0,0,0,0,0.8,3.13,4.81,1.69,2.14,0,0,0.1,0,0,-1,0.01,0.53,3.97,0.01,0.01,4.93,1.73,2.19
60,0,79,170.8,6,14.42,11.8,530,100,100,100,100,0,0,0,0,0,0,0,0,0.8,3.12,4.81,1.69,2.14,0,0,0.1,0,0,-1,0.01,0.53,3.97,0.01,0.01,4.93,1.73,2.19
60.103,0,79,170.8,6,14.39,11.8,530,100,100,100,100,0,0,0,0,0,0,0,0,0.8,3.13,4.81,1.69,2.14,0,0,0.1,0,0,-1,0.01,0.53,3.97,0.01,0.01,4.93,1.73,2.19
60.2,0,79,170.8,6,14.39,11.8,530,100,100,100,100,0,0,0,0,0,0,0,0,0.8,3.13,4.81,1.69,2.14,0,0,0.1,0,0,-1,0.01,0.53,3.97,0.01,0.01,4.93,1.73,2.19
60.3,0,79,170.8,6,14.39,11.8,530,100,100,100,100,0,0,0,0,0,0,0,0,0.8,3.13,4.81,1.69,2.14,0,0,0.1,0,0,-1,0.01,0.53,3.97,0.01,0.01,4.93,1.73,2.19
Performance Electronics File (V5.7) v3.04.60      ,"^&X RL~FxqS	5jL.""$')+c.0E35'8:\\\YY_]YWSMJEEBBB??<:77:<?\\\\\]\ZWTOKHGEEDCA?><<<<?]\\\\]][YUPLJIHGGFDCA?><=?]]]\]]]\ZWRNLKJJJIHFDB?=<?_]]]]]]]\YTPNNMLLKIHFC?<<:_____``__[WSQPOONLKIGC?<:6dbbbcddcb_ZWUSRQQNLJGC?;86dfffgggggd_\YXVUSPNLHC?<86lkkllmmmlieb^]ZYWSPMIEA=:6moopqqqqpnjfca_]\XTPLHC?;6qrstuvvvurnkgecba^ZVQLGC?<ruvwyyyyxurokighgda\WQLHDByyz{{{{{zxuromkllie`ZTOJFBz}}}~}}}|zxuspooomic\VPKGB~|zvtrrrqlf_YSNIB~{xwvwupjc\VQMK|||yung`ZTOK~yrjc[UQO|tld]VRKvnf_XRKzqiaZTKvmd]UO{qh`YO~tkd[TtkbfTWWWWWWWWWWWWWWWWWUUUUUUUUU]YXXXXXXXWWWWWWVVUUUTTTTU[`^]\\\\[[[[ZZZZYYXWWWVVVWXbaaaaa```___^^]]\\[[ZZYXXXbcddccccbbaa```_^^]\\[[YYYceeedddccbbaaa``^^]]]\\[[[eeeddcccbbbaaaa`__^^]]]\\\ffeeeddddcccccbbaa``___^^^ggggffffeeedddddccbbbaaaaahhhhgggggffffffedddddccccchhhhhgggggggfffffeeeedddddhhhhhhhgggggggggfffffeeeeehiiiiiiiiiiiiiiihhhhhhhhhhlllllllllllllllllkkkkkkkkkoooooooooooooooonooooooooorqqqqqqqqqqqqqqqqqqqqqqqqrrrrrrrrrrrrrrrrrrrrrrrrrrrrrrrrrrrrrrrrrrrrrrrrrrrrrssssssssssssssssrsssssssssssssssssssssssssrsssssssssssssssssssssssssrsssssssssssssssssssssssssssssssssssttttttttttttttttttttttttttttttttttttttttttttttttttttttttttttttttttttttttttttttdddddddddddddddddddddddddddddddddddddddddddddddddddddddddddddddddddddddddddddddddddddddddddddddddddddddddddddddddddddddddddddddddddddddddddddddddddddddddddddddddddddddddddddddddddddddddddddddddddddddddddddddddddddddddddddddddddddddddddddddddddddddddddddddddddddddddddddddddddddddddddddddddddddddddddddddddddddddddddddddddddddddddddddddddddddddddddddddddddddddddddddddddddddddddddddddddddddddddddddddddddddddddddddddddddddddddddddddddddddddddddddddddddddddddddddddddddddddddddddddddddddddddddddddddddddddddddddddddddddddddddddddddddddddddddddddddddddddddddddddddddddddddddddddddddddddddddddddddddddddddddddddddddddddddddddddddddddddddddddddddddddddddd(",,,,,,,,,,,,,,,,,,,,,,,,,,,,,,,,,,,,,
8,,,,,,,,,,,,,,,,,,,,,,,,,,,,,,,,,,,,,,
wpjd^^^  20XX Honda F4i Generic FSAE Base Tune_v3.04.39_11/19/2015       ,,,,,,,,,,,,,,,,,,,,,,,,,,,,,,,,,,,,,,
2,,,,,,,,,,,,,,,,,,,,,,,,,,,,,,,,,,,,,,
dRX}d],"(((((((((((((((( n1((((((((((((((((?A#((((((((((((((((n6 ((((((((((((((((# ?((((((((((((((((3  ? ((((((((((((((((   F((((((((((((((((  ?a r((((((((((((((((	  n e(((((((((((((((( ?A# q(((((((((((((((( n8  ((((((((((((((((A#M#((((((((((((((((n5 P4((((((((((((((((# H((((((((((((((((2  ?((((((((((((((((  x((((((((((((((((  ?ai?((((((((((((((((  n=(((((((((((((((( ?A# (((((((((((((((( n7 F(((((((((((((((A#Fr(((((((((((((((Un4 re(((((((((((((((# eq((((((((((((((({1  ?q (((((((((((((((0   #(((((((((((((((E ?A#31  ?q 1 UI #5 p@   # Us #2  8 ?A#3Use#6   R n1ser3   D8	?A#er    DO*`n6 r #  DO x# ? #8 DO #  3  ? #5 DI #9    F2 DI #6   ?a r UI #3  R  n eUs #7   @8x ?A# qse#4   DR*r n8  er1   DOA#M#r    DO 	*n5 P4 #  DO #`x# H#6 DO #1p2  ?3 DI #70    x UI #4    ?ai?Us #1   XR  n=Use#5   d8 ?A# ser2   Dd*r n7 Fer    DOd xA#Frr #  DO n4 re #7 DO # # eq#4 DI #8",,,,,,,,,,,,,,,,,,,,,,,,,,,,,,,,,,,,,
dP,,,,,,,,,,,,,,,,,,,,,,,,,,,,,,,,,,,,,,
,,,,,,,,,,,,,,,,,,,,,,,,,,,,,,,,,,,,,,
"        ?Oil Prsr?Shock FR?Shock FL?Shock RR?Shock RL?Steering?    an#8?WhSpd FR@WhSpd FL@WhSpd RR>WhSpd RL@		dd((((((((",,,,,,,,,,,,,,,,,,,,,,,,,,,,,,,,,,,,,,
 XpX@,(# XpX@,(# XpX@,(# XpX@,(# XpX@,(# XpX@,(# XpX@,(# XpX@,"(#  Xp @`	8R*8R*8R*8R* xp @`	~LL~L3~L~L Xp @`	 Xp @`	2222222222!",,,,,,,,,,,,,,,,,,,,,,,,,,,,,,
222P2,,,,,,,,,,,,,,,,,,,,,,,,,,,,,,,,,,,,,,
@,,,,,,,,,,,,,,,,,,,,,,,,,,,,,,,,,,,,,,
@,,,,,,,,,,,,,,,,,,,,,,,,,,,,,,,,,,,,,,
;($,,,,,,,,,,,,,,,,,,,,,,,,,,,,,,,,,,,,,,
"I		8@H",,,,,,,,,,,,,,,,,,,,,,,,,,,,,,,,,,,,,,
"2	$d w?&{~","0m3!^:@Odx6	",,,,,,,,,,,,,,,,,,,,,,,,,,,,,,,,,,,,,
,,,,,,,,,,,,,,,,,,,,,,,,,,,,,,,,,,,,,,
"	",,,,,,,,,,,,,,,,,,,,,,,,,,,,,,,,,,,,,,
,,,,,,,,,,,,,,,,,,,,,,,,,,,,,,,,,,,,,,
"	",,,,,,,,,,,,,,,,,,,,,,,,,,,,,,,,,,,,,,
,,,,,,,,,,,,,,,,,,,,,,,,,,,,,,,,,,,,,,
"	",,,,,,,,,,,,,,,,,,,,,,,,,,,,,,,,,,,,,,
,,,,,,,,,,,,,,,,,,,,,,,,,,,,,,,,,,,,,,
"	",,,,,,,,,,,,,,,,,,,,,,,,,,,,,,,,,,,,,,
,,,,,,,,,,,,,,,,,,,,,,,,,,,,,,,,,,,,,,
"	",,,,,,,,,,,,,,,,,,,,,,,,,,,,,,,,,,,,,,
,,,,,,,,,,,,,,,,,,,,,,,,,,,,,,,,,,,,,,
"	",,,,,,,,,,,,,,,,,,,,,,,,,,,,,,,,,,,,,,
,,,,,,,,,,,,,,,,,,,,,,,,,,,,,,,,,,,,,,
"	",,,,,,,,,,,,,,,,,,,,,,,,,,,,,,,,,,,,,,
,,,,,,,,,,,,,,,,,,,,,,,,,,,,,,,,,,,,,,
"2222222d*c%:}	dI    WHFR    WHFL    WHRR    WHRLDI #5   DI #6   DI #7   DO #1   DO #2   DO #3   DO #4      DO #5    DO 6   DO #7     Fan Coolant    Fuel2",,,,,,,,,,,,,,,,,,,,,,,,,,,,,,,,,,,,,,
H   DE #1?   DE #2?   DE #3?   DE #4?   DE #5?   DE #6?   DE #7?   DE #8?   DE #9?  DE #10?  DE #11?  DE #12?,,,,,,,,,,,,,,,,,,,,,,,,,,,,,,,,,,,,,,
}X,,,,,,,,,,,,,,,,,,,,,,,,,,,,,,,,,,,,,,
"2M	",,,,,,,,,,,,,,,,,,,,,,,,,,,,,,,,,,,,,,
,,,,,,,,,,,,,,,,,,,,,,,,,,,,,,,,,,,,,,
,,,,,,,,,,,,,,,,,,,,,,,,,,,,,,,,,,,,,,
!#xxxxxxxx2>JVbnzxP(QK}2222222 LxAM#w/w.Mw/,yV2,yV2~] d'_.,"XE6 =		@XDXK",,,,,,,,,,,,,,,,,,,,,,,,,,,,,,,,,,,
,,,,,,,,,,,,,,,,,,,,,,,,,,,,,,,,,,,,,,
"xP$d |	",,,,,,,,,,,,,,,,,,,,,,,,,,,,,,,,,,,,,,
,,,,,,,,,,,,,,,,,,,,,,,,,,,,,,,,,,,,,,
,"@J	D>$(:?",,,,,,,,,,,,,,,,,,,,,,,,,,,,,,,,,,,,,
Ge,,,,,,,,,,,,,,,,,,,,,,,,,,,,,,,,,,,,,,
ZQI@Cdd@x(((((<<<<< PPPPP2XYZ[XfXfXfXfX x@@@@@@@@@&>VPPPPPPPPd,,,,,,,,,,,,,,,,,,,,,,,,,,,,,,,,,,,,,,
Nd,,,,,,,,,,,,,,,,,,,,,,,,,,,,,,,,,,,,,,
N,,,,,,,,,,,,,,,,,,,,,,,,,,,,,,,,,,,,,,
,,,,,,,,,,,,,,,,,,,,,,,,,,,,,,,,,,,,,,
,,,,,,,,,,,,,,,,,,,,,,,,,,,,,,,,,,,,,,
,,,,,,,,,,,,,,,,,,,,,,,,,,,,,,,,,,,,,,
20XX Honda F4i Generic FSAE Base Tune_v3.04.39_11/19/2015       d 2,,,,,,,,,,,,,,,,,,,,,,,,,,,,,,,,,,,,,,
,,,,,,,,,,,,,,,,,,,,,,,,,,,,,,,,,,,,,,
"(2<FPdddddddd(<Pd	x",,,,,,,,,,,,,,,,,,,,,,,,,,,,,,,,,,,,,,
|pdX,L@@,,,,,,,,,,,,,,,,,,,,,,,,,,,,,,,,,,,,,
XX  <72-(#,X4X2d,X d,X d,X ,,,,,,,,,,,,,,,,,,,,,,,,,,,,,,,,,,
-2FK_dx}(,"((((((<<<<<<PPPPPPdddddddddddd X pXp	(",,,,,,,,,,,,,,,,,,,,,,,,,,,,,,,,,,,,,
"'p'p<:86420.	U                                                                                                     ",,,,,,,,,,,,,,,,,,,,,,,,,,,,,,,,,,,,,,
,,,,,,,,,,,,,,,,,,,,,,,,,,,,,,,,,,,,,,
,,,,,,,,,,,,,,,,,,,,,,,,,,,,,,,,,,,,,,
,"Performance Electronics File (V5.7) v3.04.60	 Build 00",,,,,,,,,,,,,,,,,,,,,,,,,,,,,,,,,,,,,
,,,,,,,,,,,,,,,,,,,,,,,,,,,,,,,,,,,,,,
Serial Number:         0004A3269D8B,,,,,,,,,,,,,,,,,,,,,,,,,,,,,,,,,,,,,,
,,,,,,,,,,,,,,,,,,,,,,,,,,,,,,,,,,,,,,
Date: 10-18-2025,,,,,,,,,,,,,,,,,,,,,,,,,,,,,,,,,,,,,,
